bytes,content-type,elapsed,endpoint,resource,status,entry-date,start-date,end-date
1470,text/plain; charset=utf-8,0.22,a87e5975ea7cddd88764f557ad4880e06b58a480cb7bace2da8bcf3c1e5c92ba,223b31dab8f2af16bd637db4be4e17239a7405a5f585200610c05cd64440c988,200,2021-02-02T12:31:10.632320,,
1387,text/plain; charset=utf-8,0.099,a87e5975ea7cddd88764f557ad4880e06b58a480cb7bace2da8bcf3c1e5c92ba,223b31dab8f2af16bd637db4be4e17239a7405a5f585200610c05cd64440c988,200,2021-02-03T00:13:41.995112,,
1387,text/plain; charset=utf-8,0.107,a87e5975ea7cddd88764f557ad4880e06b58a480cb7bace2da8bcf3c1e5c92ba,223b31dab8f2af16bd637db4be4e17239a7405a5f585200610c05cd64440c988,200,2021-02-04T00:13:48.457847,,
1387,text/plain; charset=utf-8,0.142,a87e5975ea7cddd88764f557ad4880e06b58a480cb7bace2da8bcf3c1e5c92ba,223b31dab8f2af16bd637db4be4e17239a7405a5f585200610c05cd64440c988,200,2021-02-05T00:11:10.313111,,
1387,text/plain; charset=utf-8,0.173,a87e5975ea7cddd88764f557ad4880e06b58a480cb7bace2da8bcf3c1e5c92ba,223b31dab8f2af16bd637db4be4e17239a7405a5f585200610c05cd64440c988,200,2021-02-06T00:11:33.526746,,
1387,text/plain; charset=utf-8,0.1,a87e5975ea7cddd88764f557ad4880e06b58a480cb7bace2da8bcf3c1e5c92ba,223b31dab8f2af16bd637db4be4e17239a7405a5f585200610c05cd64440c988,200,2021-02-07T00:13:40.701040,,
1387,text/plain; charset=utf-8,0.281,a87e5975ea7cddd88764f557ad4880e06b58a480cb7bace2da8bcf3c1e5c92ba,223b31dab8f2af16bd637db4be4e17239a7405a5f585200610c05cd64440c988,200,2021-02-08T00:18:19.830223,,
1387,text/plain; charset=utf-8,0.129,a87e5975ea7cddd88764f557ad4880e06b58a480cb7bace2da8bcf3c1e5c92ba,223b31dab8f2af16bd637db4be4e17239a7405a5f585200610c05cd64440c988,200,2021-02-09T00:10:52.732028,,
1387,text/plain; charset=utf-8,0.128,a87e5975ea7cddd88764f557ad4880e06b58a480cb7bace2da8bcf3c1e5c92ba,223b31dab8f2af16bd637db4be4e17239a7405a5f585200610c05cd64440c988,200,2021-02-10T00:14:04.182353,,
1387,text/plain; charset=utf-8,0.102,a87e5975ea7cddd88764f557ad4880e06b58a480cb7bace2da8bcf3c1e5c92ba,223b31dab8f2af16bd637db4be4e17239a7405a5f585200610c05cd64440c988,200,2021-02-11T00:13:56.448360,,
1387,text/plain; charset=utf-8,0.114,a87e5975ea7cddd88764f557ad4880e06b58a480cb7bace2da8bcf3c1e5c92ba,223b31dab8f2af16bd637db4be4e17239a7405a5f585200610c05cd64440c988,200,2021-02-12T00:11:03.361665,,
1387,text/plain; charset=utf-8,0.123,a87e5975ea7cddd88764f557ad4880e06b58a480cb7bace2da8bcf3c1e5c92ba,223b31dab8f2af16bd637db4be4e17239a7405a5f585200610c05cd64440c988,200,2021-02-13T00:13:17.085693,,
1387,text/plain; charset=utf-8,0.106,a87e5975ea7cddd88764f557ad4880e06b58a480cb7bace2da8bcf3c1e5c92ba,223b31dab8f2af16bd637db4be4e17239a7405a5f585200610c05cd64440c988,200,2021-02-14T00:12:40.165670,,
1387,text/plain; charset=utf-8,0.093,a87e5975ea7cddd88764f557ad4880e06b58a480cb7bace2da8bcf3c1e5c92ba,223b31dab8f2af16bd637db4be4e17239a7405a5f585200610c05cd64440c988,200,2021-02-15T00:14:20.452613,,
1387,text/plain; charset=utf-8,0.101,a87e5975ea7cddd88764f557ad4880e06b58a480cb7bace2da8bcf3c1e5c92ba,223b31dab8f2af16bd637db4be4e17239a7405a5f585200610c05cd64440c988,200,2021-02-16T00:11:32.850934,,
1387,text/plain; charset=utf-8,0.115,a87e5975ea7cddd88764f557ad4880e06b58a480cb7bace2da8bcf3c1e5c92ba,223b31dab8f2af16bd637db4be4e17239a7405a5f585200610c05cd64440c988,200,2021-02-17T00:12:56.511323,,
1387,text/plain; charset=utf-8,0.109,a87e5975ea7cddd88764f557ad4880e06b58a480cb7bace2da8bcf3c1e5c92ba,223b31dab8f2af16bd637db4be4e17239a7405a5f585200610c05cd64440c988,200,2021-02-18T00:11:26.278182,,
1387,text/plain; charset=utf-8,0.106,a87e5975ea7cddd88764f557ad4880e06b58a480cb7bace2da8bcf3c1e5c92ba,223b31dab8f2af16bd637db4be4e17239a7405a5f585200610c05cd64440c988,200,2021-02-19T00:11:16.704420,,
1387,text/plain; charset=utf-8,0.114,a87e5975ea7cddd88764f557ad4880e06b58a480cb7bace2da8bcf3c1e5c92ba,223b31dab8f2af16bd637db4be4e17239a7405a5f585200610c05cd64440c988,200,2021-02-20T00:12:07.805730,,
1387,text/plain; charset=utf-8,0.113,a87e5975ea7cddd88764f557ad4880e06b58a480cb7bace2da8bcf3c1e5c92ba,223b31dab8f2af16bd637db4be4e17239a7405a5f585200610c05cd64440c988,200,2021-02-21T00:11:43.952833,,
1387,text/plain; charset=utf-8,0.11,a87e5975ea7cddd88764f557ad4880e06b58a480cb7bace2da8bcf3c1e5c92ba,223b31dab8f2af16bd637db4be4e17239a7405a5f585200610c05cd64440c988,200,2021-02-22T00:11:43.142614,,
1387,text/plain; charset=utf-8,0.105,a87e5975ea7cddd88764f557ad4880e06b58a480cb7bace2da8bcf3c1e5c92ba,223b31dab8f2af16bd637db4be4e17239a7405a5f585200610c05cd64440c988,200,2021-02-23T00:11:17.367827,,
1387,text/plain; charset=utf-8,0.108,a87e5975ea7cddd88764f557ad4880e06b58a480cb7bace2da8bcf3c1e5c92ba,223b31dab8f2af16bd637db4be4e17239a7405a5f585200610c05cd64440c988,200,2021-02-24T00:11:28.785532,,
1387,text/plain; charset=utf-8,0.116,a87e5975ea7cddd88764f557ad4880e06b58a480cb7bace2da8bcf3c1e5c92ba,223b31dab8f2af16bd637db4be4e17239a7405a5f585200610c05cd64440c988,200,2021-02-25T00:11:17.550376,,
1387,text/plain; charset=utf-8,0.113,a87e5975ea7cddd88764f557ad4880e06b58a480cb7bace2da8bcf3c1e5c92ba,223b31dab8f2af16bd637db4be4e17239a7405a5f585200610c05cd64440c988,200,2021-02-26T00:11:31.478025,,
1387,text/plain; charset=utf-8,0.1,a87e5975ea7cddd88764f557ad4880e06b58a480cb7bace2da8bcf3c1e5c92ba,223b31dab8f2af16bd637db4be4e17239a7405a5f585200610c05cd64440c988,200,2021-02-27T00:11:42.032364,,
1387,text/plain; charset=utf-8,0.127,a87e5975ea7cddd88764f557ad4880e06b58a480cb7bace2da8bcf3c1e5c92ba,223b31dab8f2af16bd637db4be4e17239a7405a5f585200610c05cd64440c988,200,2021-02-28T00:13:07.411353,,
1387,text/plain; charset=utf-8,0.11,a87e5975ea7cddd88764f557ad4880e06b58a480cb7bace2da8bcf3c1e5c92ba,223b31dab8f2af16bd637db4be4e17239a7405a5f585200610c05cd64440c988,200,2021-03-01T00:12:17.355538,,
1387,text/plain; charset=utf-8,0.114,a87e5975ea7cddd88764f557ad4880e06b58a480cb7bace2da8bcf3c1e5c92ba,223b31dab8f2af16bd637db4be4e17239a7405a5f585200610c05cd64440c988,200,2021-03-02T00:10:03.044354,,
1387,text/plain; charset=utf-8,0.13,a87e5975ea7cddd88764f557ad4880e06b58a480cb7bace2da8bcf3c1e5c92ba,223b31dab8f2af16bd637db4be4e17239a7405a5f585200610c05cd64440c988,200,2021-03-03T00:11:56.539249,,
1387,text/plain; charset=utf-8,0.138,a87e5975ea7cddd88764f557ad4880e06b58a480cb7bace2da8bcf3c1e5c92ba,223b31dab8f2af16bd637db4be4e17239a7405a5f585200610c05cd64440c988,200,2021-03-04T00:11:28.677010,,
1387,text/plain; charset=utf-8,0.109,a87e5975ea7cddd88764f557ad4880e06b58a480cb7bace2da8bcf3c1e5c92ba,223b31dab8f2af16bd637db4be4e17239a7405a5f585200610c05cd64440c988,200,2021-03-05T00:11:50.192050,,
1387,text/plain; charset=utf-8,0.131,a87e5975ea7cddd88764f557ad4880e06b58a480cb7bace2da8bcf3c1e5c92ba,223b31dab8f2af16bd637db4be4e17239a7405a5f585200610c05cd64440c988,200,2021-03-06T00:11:28.343981,,
1387,text/plain; charset=utf-8,0.101,a87e5975ea7cddd88764f557ad4880e06b58a480cb7bace2da8bcf3c1e5c92ba,223b31dab8f2af16bd637db4be4e17239a7405a5f585200610c05cd64440c988,200,2021-03-07T00:12:19.752022,,
1387,text/plain; charset=utf-8,0.12,a87e5975ea7cddd88764f557ad4880e06b58a480cb7bace2da8bcf3c1e5c92ba,223b31dab8f2af16bd637db4be4e17239a7405a5f585200610c05cd64440c988,200,2021-03-08T00:11:57.629146,,
1387,text/plain; charset=utf-8,0.138,a87e5975ea7cddd88764f557ad4880e06b58a480cb7bace2da8bcf3c1e5c92ba,223b31dab8f2af16bd637db4be4e17239a7405a5f585200610c05cd64440c988,200,2021-03-09T00:11:52.215752,,
1387,text/plain; charset=utf-8,0.109,a87e5975ea7cddd88764f557ad4880e06b58a480cb7bace2da8bcf3c1e5c92ba,223b31dab8f2af16bd637db4be4e17239a7405a5f585200610c05cd64440c988,200,2021-03-10T00:13:08.379570,,
1387,text/plain; charset=utf-8,0.134,a87e5975ea7cddd88764f557ad4880e06b58a480cb7bace2da8bcf3c1e5c92ba,223b31dab8f2af16bd637db4be4e17239a7405a5f585200610c05cd64440c988,200,2021-03-11T00:12:59.132716,,
1387,text/plain; charset=utf-8,0.112,a87e5975ea7cddd88764f557ad4880e06b58a480cb7bace2da8bcf3c1e5c92ba,223b31dab8f2af16bd637db4be4e17239a7405a5f585200610c05cd64440c988,200,2021-03-12T00:12:50.135043,,
1387,text/plain; charset=utf-8,0.122,a87e5975ea7cddd88764f557ad4880e06b58a480cb7bace2da8bcf3c1e5c92ba,223b31dab8f2af16bd637db4be4e17239a7405a5f585200610c05cd64440c988,200,2021-03-13T00:13:12.424176,,
1387,text/plain; charset=utf-8,0.13,a87e5975ea7cddd88764f557ad4880e06b58a480cb7bace2da8bcf3c1e5c92ba,223b31dab8f2af16bd637db4be4e17239a7405a5f585200610c05cd64440c988,200,2021-03-14T00:13:37.470704,,
1387,text/plain; charset=utf-8,0.104,a87e5975ea7cddd88764f557ad4880e06b58a480cb7bace2da8bcf3c1e5c92ba,223b31dab8f2af16bd637db4be4e17239a7405a5f585200610c05cd64440c988,200,2021-03-15T00:13:20.979361,,
1387,text/plain; charset=utf-8,0.124,a87e5975ea7cddd88764f557ad4880e06b58a480cb7bace2da8bcf3c1e5c92ba,223b31dab8f2af16bd637db4be4e17239a7405a5f585200610c05cd64440c988,200,2021-03-16T00:12:29.253631,,
1387,text/plain; charset=utf-8,0.114,a87e5975ea7cddd88764f557ad4880e06b58a480cb7bace2da8bcf3c1e5c92ba,223b31dab8f2af16bd637db4be4e17239a7405a5f585200610c05cd64440c988,200,2021-03-17T00:12:52.200839,,
1387,text/plain; charset=utf-8,0.13,a87e5975ea7cddd88764f557ad4880e06b58a480cb7bace2da8bcf3c1e5c92ba,223b31dab8f2af16bd637db4be4e17239a7405a5f585200610c05cd64440c988,200,2021-03-18T00:13:07.601481,,
1387,text/plain; charset=utf-8,0.194,a87e5975ea7cddd88764f557ad4880e06b58a480cb7bace2da8bcf3c1e5c92ba,223b31dab8f2af16bd637db4be4e17239a7405a5f585200610c05cd64440c988,200,2021-03-19T00:13:39.644145,,
1387,text/plain; charset=utf-8,0.114,a87e5975ea7cddd88764f557ad4880e06b58a480cb7bace2da8bcf3c1e5c92ba,223b31dab8f2af16bd637db4be4e17239a7405a5f585200610c05cd64440c988,200,2021-03-20T00:12:42.732434,,
1387,text/plain; charset=utf-8,0.107,a87e5975ea7cddd88764f557ad4880e06b58a480cb7bace2da8bcf3c1e5c92ba,223b31dab8f2af16bd637db4be4e17239a7405a5f585200610c05cd64440c988,200,2021-03-21T00:13:39.147355,,
1387,text/plain; charset=utf-8,0.187,a87e5975ea7cddd88764f557ad4880e06b58a480cb7bace2da8bcf3c1e5c92ba,223b31dab8f2af16bd637db4be4e17239a7405a5f585200610c05cd64440c988,200,2021-03-22T00:18:22.766757,,
1387,text/plain; charset=utf-8,0.107,a87e5975ea7cddd88764f557ad4880e06b58a480cb7bace2da8bcf3c1e5c92ba,223b31dab8f2af16bd637db4be4e17239a7405a5f585200610c05cd64440c988,200,2021-03-23T00:13:00.387069,,
1387,text/plain; charset=utf-8,0.105,a87e5975ea7cddd88764f557ad4880e06b58a480cb7bace2da8bcf3c1e5c92ba,223b31dab8f2af16bd637db4be4e17239a7405a5f585200610c05cd64440c988,200,2021-03-24T00:13:25.541336,,
1387,text/plain; charset=utf-8,0.178,a87e5975ea7cddd88764f557ad4880e06b58a480cb7bace2da8bcf3c1e5c92ba,223b31dab8f2af16bd637db4be4e17239a7405a5f585200610c05cd64440c988,200,2021-03-25T00:08:07.515460,,
1387,text/plain; charset=utf-8,0.109,a87e5975ea7cddd88764f557ad4880e06b58a480cb7bace2da8bcf3c1e5c92ba,223b31dab8f2af16bd637db4be4e17239a7405a5f585200610c05cd64440c988,200,2021-03-26T00:08:47.039229,,
1387,text/plain; charset=utf-8,0.112,a87e5975ea7cddd88764f557ad4880e06b58a480cb7bace2da8bcf3c1e5c92ba,223b31dab8f2af16bd637db4be4e17239a7405a5f585200610c05cd64440c988,200,2021-03-27T00:05:47.561641,,
1387,text/plain; charset=utf-8,0.111,a87e5975ea7cddd88764f557ad4880e06b58a480cb7bace2da8bcf3c1e5c92ba,223b31dab8f2af16bd637db4be4e17239a7405a5f585200610c05cd64440c988,200,2021-03-28T00:06:26.256093,,
1387,text/plain; charset=utf-8,0.123,a87e5975ea7cddd88764f557ad4880e06b58a480cb7bace2da8bcf3c1e5c92ba,223b31dab8f2af16bd637db4be4e17239a7405a5f585200610c05cd64440c988,200,2021-03-29T00:05:59.207878,,
1387,text/plain; charset=utf-8,0.13,a87e5975ea7cddd88764f557ad4880e06b58a480cb7bace2da8bcf3c1e5c92ba,223b31dab8f2af16bd637db4be4e17239a7405a5f585200610c05cd64440c988,200,2021-03-30T00:06:18.780736,,
1387,text/plain; charset=utf-8,0.109,a87e5975ea7cddd88764f557ad4880e06b58a480cb7bace2da8bcf3c1e5c92ba,223b31dab8f2af16bd637db4be4e17239a7405a5f585200610c05cd64440c988,200,2021-03-31T00:05:17.058012,,
1387,text/plain; charset=utf-8,0.111,a87e5975ea7cddd88764f557ad4880e06b58a480cb7bace2da8bcf3c1e5c92ba,223b31dab8f2af16bd637db4be4e17239a7405a5f585200610c05cd64440c988,200,2021-04-01T00:06:59.352273,,
1387,text/plain; charset=utf-8,0.162,a87e5975ea7cddd88764f557ad4880e06b58a480cb7bace2da8bcf3c1e5c92ba,223b31dab8f2af16bd637db4be4e17239a7405a5f585200610c05cd64440c988,200,2021-04-02T00:12:29.899081,,
1387,text/plain; charset=utf-8,0.15,a87e5975ea7cddd88764f557ad4880e06b58a480cb7bace2da8bcf3c1e5c92ba,223b31dab8f2af16bd637db4be4e17239a7405a5f585200610c05cd64440c988,200,2021-04-03T00:06:32.490931,,
1387,text/plain; charset=utf-8,0.101,a87e5975ea7cddd88764f557ad4880e06b58a480cb7bace2da8bcf3c1e5c92ba,223b31dab8f2af16bd637db4be4e17239a7405a5f585200610c05cd64440c988,200,2021-04-04T00:12:04.595843,,
1387,text/plain; charset=utf-8,0.111,a87e5975ea7cddd88764f557ad4880e06b58a480cb7bace2da8bcf3c1e5c92ba,223b31dab8f2af16bd637db4be4e17239a7405a5f585200610c05cd64440c988,200,2021-04-05T00:07:23.324292,,
1387,text/plain; charset=utf-8,0.161,a87e5975ea7cddd88764f557ad4880e06b58a480cb7bace2da8bcf3c1e5c92ba,223b31dab8f2af16bd637db4be4e17239a7405a5f585200610c05cd64440c988,200,2021-04-06T00:07:08.459804,,
1387,text/plain; charset=utf-8,0.151,a87e5975ea7cddd88764f557ad4880e06b58a480cb7bace2da8bcf3c1e5c92ba,223b31dab8f2af16bd637db4be4e17239a7405a5f585200610c05cd64440c988,200,2021-04-07T00:07:02.969427,,
1387,text/plain; charset=utf-8,0.125,a87e5975ea7cddd88764f557ad4880e06b58a480cb7bace2da8bcf3c1e5c92ba,223b31dab8f2af16bd637db4be4e17239a7405a5f585200610c05cd64440c988,200,2021-04-08T00:08:36.882702,,
1387,text/plain; charset=utf-8,0.151,a87e5975ea7cddd88764f557ad4880e06b58a480cb7bace2da8bcf3c1e5c92ba,223b31dab8f2af16bd637db4be4e17239a7405a5f585200610c05cd64440c988,200,2021-04-09T00:06:48.201393,,
1387,text/plain; charset=utf-8,0.175,a87e5975ea7cddd88764f557ad4880e06b58a480cb7bace2da8bcf3c1e5c92ba,223b31dab8f2af16bd637db4be4e17239a7405a5f585200610c05cd64440c988,200,2021-04-10T00:06:57.845785,,
1387,text/plain; charset=utf-8,0.111,a87e5975ea7cddd88764f557ad4880e06b58a480cb7bace2da8bcf3c1e5c92ba,223b31dab8f2af16bd637db4be4e17239a7405a5f585200610c05cd64440c988,200,2021-04-11T00:07:23.678772,,
1387,text/plain; charset=utf-8,0.123,a87e5975ea7cddd88764f557ad4880e06b58a480cb7bace2da8bcf3c1e5c92ba,223b31dab8f2af16bd637db4be4e17239a7405a5f585200610c05cd64440c988,200,2021-04-12T00:06:40.855417,,
1387,text/plain; charset=utf-8,0.109,a87e5975ea7cddd88764f557ad4880e06b58a480cb7bace2da8bcf3c1e5c92ba,223b31dab8f2af16bd637db4be4e17239a7405a5f585200610c05cd64440c988,200,2021-04-13T00:07:30.034977,,
1387,text/plain; charset=utf-8,0.236,a87e5975ea7cddd88764f557ad4880e06b58a480cb7bace2da8bcf3c1e5c92ba,223b31dab8f2af16bd637db4be4e17239a7405a5f585200610c05cd64440c988,200,2021-04-14T00:06:02.446498,,
1387,text/plain; charset=utf-8,0.221,a87e5975ea7cddd88764f557ad4880e06b58a480cb7bace2da8bcf3c1e5c92ba,223b31dab8f2af16bd637db4be4e17239a7405a5f585200610c05cd64440c988,200,2021-04-15T00:06:58.385141,,
1387,text/plain; charset=utf-8,0.215,a87e5975ea7cddd88764f557ad4880e06b58a480cb7bace2da8bcf3c1e5c92ba,223b31dab8f2af16bd637db4be4e17239a7405a5f585200610c05cd64440c988,200,2021-04-16T00:05:56.999821,,
1387,text/plain; charset=utf-8,0.18,a87e5975ea7cddd88764f557ad4880e06b58a480cb7bace2da8bcf3c1e5c92ba,223b31dab8f2af16bd637db4be4e17239a7405a5f585200610c05cd64440c988,200,2021-04-17T00:06:19.188404,,
1387,text/plain; charset=utf-8,0.121,a87e5975ea7cddd88764f557ad4880e06b58a480cb7bace2da8bcf3c1e5c92ba,223b31dab8f2af16bd637db4be4e17239a7405a5f585200610c05cd64440c988,200,2021-04-18T00:06:21.216987,,
1387,text/plain; charset=utf-8,0.113,a87e5975ea7cddd88764f557ad4880e06b58a480cb7bace2da8bcf3c1e5c92ba,223b31dab8f2af16bd637db4be4e17239a7405a5f585200610c05cd64440c988,200,2021-04-19T00:06:44.474755,,
1387,text/plain; charset=utf-8,0.221,a87e5975ea7cddd88764f557ad4880e06b58a480cb7bace2da8bcf3c1e5c92ba,223b31dab8f2af16bd637db4be4e17239a7405a5f585200610c05cd64440c988,200,2021-04-20T00:07:00.426952,,
1387,text/plain; charset=utf-8,0.115,a87e5975ea7cddd88764f557ad4880e06b58a480cb7bace2da8bcf3c1e5c92ba,223b31dab8f2af16bd637db4be4e17239a7405a5f585200610c05cd64440c988,200,2021-04-21T00:06:57.801736,,
1387,text/plain; charset=utf-8,0.114,a87e5975ea7cddd88764f557ad4880e06b58a480cb7bace2da8bcf3c1e5c92ba,223b31dab8f2af16bd637db4be4e17239a7405a5f585200610c05cd64440c988,200,2021-04-22T00:07:03.590404,,
1387,text/plain; charset=utf-8,0.139,a87e5975ea7cddd88764f557ad4880e06b58a480cb7bace2da8bcf3c1e5c92ba,223b31dab8f2af16bd637db4be4e17239a7405a5f585200610c05cd64440c988,200,2021-04-23T00:06:23.238029,,
1387,text/plain; charset=utf-8,0.269,a87e5975ea7cddd88764f557ad4880e06b58a480cb7bace2da8bcf3c1e5c92ba,223b31dab8f2af16bd637db4be4e17239a7405a5f585200610c05cd64440c988,200,2021-04-24T00:06:36.516075,,
1387,text/plain; charset=utf-8,0.128,a87e5975ea7cddd88764f557ad4880e06b58a480cb7bace2da8bcf3c1e5c92ba,223b31dab8f2af16bd637db4be4e17239a7405a5f585200610c05cd64440c988,200,2021-04-25T00:06:51.652512,,
1387,text/plain; charset=utf-8,0.135,a87e5975ea7cddd88764f557ad4880e06b58a480cb7bace2da8bcf3c1e5c92ba,223b31dab8f2af16bd637db4be4e17239a7405a5f585200610c05cd64440c988,200,2021-04-26T00:06:54.648298,,
1387,text/plain; charset=utf-8,0.11,a87e5975ea7cddd88764f557ad4880e06b58a480cb7bace2da8bcf3c1e5c92ba,223b31dab8f2af16bd637db4be4e17239a7405a5f585200610c05cd64440c988,200,2021-04-27T00:06:15.339676,,
1387,text/plain; charset=utf-8,0.209,a87e5975ea7cddd88764f557ad4880e06b58a480cb7bace2da8bcf3c1e5c92ba,223b31dab8f2af16bd637db4be4e17239a7405a5f585200610c05cd64440c988,200,2021-04-28T00:06:31.476743,,
1387,text/plain; charset=utf-8,0.108,a87e5975ea7cddd88764f557ad4880e06b58a480cb7bace2da8bcf3c1e5c92ba,223b31dab8f2af16bd637db4be4e17239a7405a5f585200610c05cd64440c988,200,2021-04-29T00:06:27.888663,,
1387,text/plain; charset=utf-8,0.123,a87e5975ea7cddd88764f557ad4880e06b58a480cb7bace2da8bcf3c1e5c92ba,223b31dab8f2af16bd637db4be4e17239a7405a5f585200610c05cd64440c988,200,2021-04-30T00:04:02.547998,,
1387,text/plain; charset=utf-8,0.138,a87e5975ea7cddd88764f557ad4880e06b58a480cb7bace2da8bcf3c1e5c92ba,223b31dab8f2af16bd637db4be4e17239a7405a5f585200610c05cd64440c988,200,2021-05-01T00:04:14.359571,,
1387,text/plain; charset=utf-8,0.182,a87e5975ea7cddd88764f557ad4880e06b58a480cb7bace2da8bcf3c1e5c92ba,223b31dab8f2af16bd637db4be4e17239a7405a5f585200610c05cd64440c988,200,2021-05-02T00:05:46.164446,,
1387,text/plain; charset=utf-8,0.113,a87e5975ea7cddd88764f557ad4880e06b58a480cb7bace2da8bcf3c1e5c92ba,223b31dab8f2af16bd637db4be4e17239a7405a5f585200610c05cd64440c988,200,2021-05-03T00:05:18.989652,,
1387,text/plain; charset=utf-8,0.218,a87e5975ea7cddd88764f557ad4880e06b58a480cb7bace2da8bcf3c1e5c92ba,223b31dab8f2af16bd637db4be4e17239a7405a5f585200610c05cd64440c988,200,2021-05-04T00:03:48.825704,,
1387,text/plain; charset=utf-8,0.16,a87e5975ea7cddd88764f557ad4880e06b58a480cb7bace2da8bcf3c1e5c92ba,223b31dab8f2af16bd637db4be4e17239a7405a5f585200610c05cd64440c988,200,2021-05-05T00:14:29.463036,,
1387,text/plain; charset=utf-8,0.116,a87e5975ea7cddd88764f557ad4880e06b58a480cb7bace2da8bcf3c1e5c92ba,223b31dab8f2af16bd637db4be4e17239a7405a5f585200610c05cd64440c988,200,2021-05-06T00:14:39.578572,,
1387,text/plain; charset=utf-8,0.123,a87e5975ea7cddd88764f557ad4880e06b58a480cb7bace2da8bcf3c1e5c92ba,223b31dab8f2af16bd637db4be4e17239a7405a5f585200610c05cd64440c988,200,2021-05-07T00:14:40.438073,,
1387,text/plain; charset=utf-8,0.14,a87e5975ea7cddd88764f557ad4880e06b58a480cb7bace2da8bcf3c1e5c92ba,223b31dab8f2af16bd637db4be4e17239a7405a5f585200610c05cd64440c988,200,2021-05-08T00:15:06.848043,,
1387,text/plain; charset=utf-8,0.117,a87e5975ea7cddd88764f557ad4880e06b58a480cb7bace2da8bcf3c1e5c92ba,223b31dab8f2af16bd637db4be4e17239a7405a5f585200610c05cd64440c988,200,2021-05-09T00:17:22.453261,,
1387,text/plain; charset=utf-8,0.105,a87e5975ea7cddd88764f557ad4880e06b58a480cb7bace2da8bcf3c1e5c92ba,223b31dab8f2af16bd637db4be4e17239a7405a5f585200610c05cd64440c988,200,2021-05-10T00:15:24.624962,,
1387,text/plain; charset=utf-8,0.112,a87e5975ea7cddd88764f557ad4880e06b58a480cb7bace2da8bcf3c1e5c92ba,223b31dab8f2af16bd637db4be4e17239a7405a5f585200610c05cd64440c988,200,2021-05-11T00:15:33.486427,,
1387,text/plain; charset=utf-8,0.124,a87e5975ea7cddd88764f557ad4880e06b58a480cb7bace2da8bcf3c1e5c92ba,223b31dab8f2af16bd637db4be4e17239a7405a5f585200610c05cd64440c988,200,2021-05-12T00:16:13.315010,,
1387,text/plain; charset=utf-8,0.159,a87e5975ea7cddd88764f557ad4880e06b58a480cb7bace2da8bcf3c1e5c92ba,223b31dab8f2af16bd637db4be4e17239a7405a5f585200610c05cd64440c988,200,2021-05-13T00:26:00.911582,,
1387,text/plain; charset=utf-8,0.132,a87e5975ea7cddd88764f557ad4880e06b58a480cb7bace2da8bcf3c1e5c92ba,223b31dab8f2af16bd637db4be4e17239a7405a5f585200610c05cd64440c988,200,2021-05-14T00:26:50.299780,,
1387,text/plain; charset=utf-8,0.102,a87e5975ea7cddd88764f557ad4880e06b58a480cb7bace2da8bcf3c1e5c92ba,223b31dab8f2af16bd637db4be4e17239a7405a5f585200610c05cd64440c988,200,2021-05-15T00:25:21.975152,,
1387,text/plain; charset=utf-8,0.235,a87e5975ea7cddd88764f557ad4880e06b58a480cb7bace2da8bcf3c1e5c92ba,223b31dab8f2af16bd637db4be4e17239a7405a5f585200610c05cd64440c988,200,2021-05-16T00:28:15.378783,,
1387,text/plain; charset=utf-8,0.126,a87e5975ea7cddd88764f557ad4880e06b58a480cb7bace2da8bcf3c1e5c92ba,223b31dab8f2af16bd637db4be4e17239a7405a5f585200610c05cd64440c988,200,2021-05-17T00:24:56.620263,,
1387,text/plain; charset=utf-8,0.126,a87e5975ea7cddd88764f557ad4880e06b58a480cb7bace2da8bcf3c1e5c92ba,223b31dab8f2af16bd637db4be4e17239a7405a5f585200610c05cd64440c988,200,2021-05-18T00:27:47.447114,,
1387,text/plain; charset=utf-8,0.123,a87e5975ea7cddd88764f557ad4880e06b58a480cb7bace2da8bcf3c1e5c92ba,223b31dab8f2af16bd637db4be4e17239a7405a5f585200610c05cd64440c988,200,2021-05-19T00:25:27.753000,,
1387,text/plain; charset=utf-8,0.107,a87e5975ea7cddd88764f557ad4880e06b58a480cb7bace2da8bcf3c1e5c92ba,223b31dab8f2af16bd637db4be4e17239a7405a5f585200610c05cd64440c988,200,2021-05-20T00:25:34.071187,,
1387,text/plain; charset=utf-8,0.108,a87e5975ea7cddd88764f557ad4880e06b58a480cb7bace2da8bcf3c1e5c92ba,223b31dab8f2af16bd637db4be4e17239a7405a5f585200610c05cd64440c988,200,2021-05-21T00:26:24.919966,,
1387,text/plain; charset=utf-8,0.242,a87e5975ea7cddd88764f557ad4880e06b58a480cb7bace2da8bcf3c1e5c92ba,223b31dab8f2af16bd637db4be4e17239a7405a5f585200610c05cd64440c988,200,2021-05-22T00:26:50.189874,,
1387,text/plain; charset=utf-8,0.124,a87e5975ea7cddd88764f557ad4880e06b58a480cb7bace2da8bcf3c1e5c92ba,223b31dab8f2af16bd637db4be4e17239a7405a5f585200610c05cd64440c988,200,2021-05-23T00:29:58.592926,,
1387,text/plain; charset=utf-8,0.112,a87e5975ea7cddd88764f557ad4880e06b58a480cb7bace2da8bcf3c1e5c92ba,223b31dab8f2af16bd637db4be4e17239a7405a5f585200610c05cd64440c988,200,2021-05-24T00:27:32.092091,,
1387,text/plain; charset=utf-8,0.202,a87e5975ea7cddd88764f557ad4880e06b58a480cb7bace2da8bcf3c1e5c92ba,223b31dab8f2af16bd637db4be4e17239a7405a5f585200610c05cd64440c988,200,2021-05-25T00:28:15.736876,,
1387,text/plain; charset=utf-8,0.108,a87e5975ea7cddd88764f557ad4880e06b58a480cb7bace2da8bcf3c1e5c92ba,223b31dab8f2af16bd637db4be4e17239a7405a5f585200610c05cd64440c988,200,2021-05-26T00:34:13.992995,,
1387,text/plain; charset=utf-8,0.21,a87e5975ea7cddd88764f557ad4880e06b58a480cb7bace2da8bcf3c1e5c92ba,223b31dab8f2af16bd637db4be4e17239a7405a5f585200610c05cd64440c988,200,2021-05-27T00:36:31.122282,,
1387,text/plain; charset=utf-8,0.114,a87e5975ea7cddd88764f557ad4880e06b58a480cb7bace2da8bcf3c1e5c92ba,223b31dab8f2af16bd637db4be4e17239a7405a5f585200610c05cd64440c988,200,2021-05-28T00:40:55.088825,,
1387,text/plain; charset=utf-8,0.105,a87e5975ea7cddd88764f557ad4880e06b58a480cb7bace2da8bcf3c1e5c92ba,223b31dab8f2af16bd637db4be4e17239a7405a5f585200610c05cd64440c988,200,2021-05-29T00:51:18.070308,,
1387,text/plain; charset=utf-8,0.118,a87e5975ea7cddd88764f557ad4880e06b58a480cb7bace2da8bcf3c1e5c92ba,223b31dab8f2af16bd637db4be4e17239a7405a5f585200610c05cd64440c988,200,2021-05-30T00:55:21.963386,,
1387,text/plain; charset=utf-8,0.168,a87e5975ea7cddd88764f557ad4880e06b58a480cb7bace2da8bcf3c1e5c92ba,223b31dab8f2af16bd637db4be4e17239a7405a5f585200610c05cd64440c988,200,2021-05-31T01:03:00.793051,,
1387,text/plain; charset=utf-8,0.12,a87e5975ea7cddd88764f557ad4880e06b58a480cb7bace2da8bcf3c1e5c92ba,223b31dab8f2af16bd637db4be4e17239a7405a5f585200610c05cd64440c988,200,2021-06-01T01:17:32.908238,,
1387,text/plain; charset=utf-8,0.13,a87e5975ea7cddd88764f557ad4880e06b58a480cb7bace2da8bcf3c1e5c92ba,223b31dab8f2af16bd637db4be4e17239a7405a5f585200610c05cd64440c988,200,2021-06-02T01:23:56.414169,,
1387,text/plain; charset=utf-8,0.139,a87e5975ea7cddd88764f557ad4880e06b58a480cb7bace2da8bcf3c1e5c92ba,223b31dab8f2af16bd637db4be4e17239a7405a5f585200610c05cd64440c988,200,2021-06-03T01:09:11.785145,,
1387,text/plain; charset=utf-8,0.159,a87e5975ea7cddd88764f557ad4880e06b58a480cb7bace2da8bcf3c1e5c92ba,223b31dab8f2af16bd637db4be4e17239a7405a5f585200610c05cd64440c988,200,2021-06-04T01:08:27.244963,,
1387,text/plain; charset=utf-8,0.192,a87e5975ea7cddd88764f557ad4880e06b58a480cb7bace2da8bcf3c1e5c92ba,223b31dab8f2af16bd637db4be4e17239a7405a5f585200610c05cd64440c988,200,2021-06-05T00:46:51.573422,,
1387,text/plain; charset=utf-8,0.104,a87e5975ea7cddd88764f557ad4880e06b58a480cb7bace2da8bcf3c1e5c92ba,223b31dab8f2af16bd637db4be4e17239a7405a5f585200610c05cd64440c988,200,2021-06-06T00:39:15.723534,,
1387,text/plain; charset=utf-8,0.105,a87e5975ea7cddd88764f557ad4880e06b58a480cb7bace2da8bcf3c1e5c92ba,223b31dab8f2af16bd637db4be4e17239a7405a5f585200610c05cd64440c988,200,2021-06-07T00:40:58.828368,,
1387,text/plain; charset=utf-8,0.143,a87e5975ea7cddd88764f557ad4880e06b58a480cb7bace2da8bcf3c1e5c92ba,223b31dab8f2af16bd637db4be4e17239a7405a5f585200610c05cd64440c988,200,2021-06-08T00:42:00.778493,,
1387,text/plain; charset=utf-8,0.139,a87e5975ea7cddd88764f557ad4880e06b58a480cb7bace2da8bcf3c1e5c92ba,223b31dab8f2af16bd637db4be4e17239a7405a5f585200610c05cd64440c988,200,2021-06-09T00:25:07.828908,,
1387,text/plain; charset=utf-8,0.113,a87e5975ea7cddd88764f557ad4880e06b58a480cb7bace2da8bcf3c1e5c92ba,223b31dab8f2af16bd637db4be4e17239a7405a5f585200610c05cd64440c988,200,2021-06-10T00:23:29.803255,,
1387,text/plain; charset=utf-8,0.166,a87e5975ea7cddd88764f557ad4880e06b58a480cb7bace2da8bcf3c1e5c92ba,223b31dab8f2af16bd637db4be4e17239a7405a5f585200610c05cd64440c988,200,2021-06-11T00:23:14.232144,,
1387,text/plain; charset=utf-8,0.117,a87e5975ea7cddd88764f557ad4880e06b58a480cb7bace2da8bcf3c1e5c92ba,223b31dab8f2af16bd637db4be4e17239a7405a5f585200610c05cd64440c988,200,2021-06-12T00:18:50.973987,,
1387,text/plain; charset=utf-8,0.161,a87e5975ea7cddd88764f557ad4880e06b58a480cb7bace2da8bcf3c1e5c92ba,223b31dab8f2af16bd637db4be4e17239a7405a5f585200610c05cd64440c988,200,2021-06-13T00:23:22.109817,,
1387,text/plain; charset=utf-8,0.14,a87e5975ea7cddd88764f557ad4880e06b58a480cb7bace2da8bcf3c1e5c92ba,223b31dab8f2af16bd637db4be4e17239a7405a5f585200610c05cd64440c988,200,2021-06-14T00:20:51.696159,,
1387,text/plain; charset=utf-8,0.286,a87e5975ea7cddd88764f557ad4880e06b58a480cb7bace2da8bcf3c1e5c92ba,223b31dab8f2af16bd637db4be4e17239a7405a5f585200610c05cd64440c988,200,2021-06-15T00:22:14.122901,,
1387,text/plain; charset=utf-8,0.112,a87e5975ea7cddd88764f557ad4880e06b58a480cb7bace2da8bcf3c1e5c92ba,223b31dab8f2af16bd637db4be4e17239a7405a5f585200610c05cd64440c988,200,2021-06-16T00:21:56.086545,,
1387,text/plain; charset=utf-8,0.147,a87e5975ea7cddd88764f557ad4880e06b58a480cb7bace2da8bcf3c1e5c92ba,223b31dab8f2af16bd637db4be4e17239a7405a5f585200610c05cd64440c988,200,2021-06-17T00:20:53.713059,,
1387,text/plain; charset=utf-8,0.126,a87e5975ea7cddd88764f557ad4880e06b58a480cb7bace2da8bcf3c1e5c92ba,223b31dab8f2af16bd637db4be4e17239a7405a5f585200610c05cd64440c988,200,2021-06-18T00:21:48.660597,,
1387,text/plain; charset=utf-8,0.176,a87e5975ea7cddd88764f557ad4880e06b58a480cb7bace2da8bcf3c1e5c92ba,223b31dab8f2af16bd637db4be4e17239a7405a5f585200610c05cd64440c988,200,2021-06-19T00:22:14.800889,,
1387,text/plain; charset=utf-8,0.157,a87e5975ea7cddd88764f557ad4880e06b58a480cb7bace2da8bcf3c1e5c92ba,223b31dab8f2af16bd637db4be4e17239a7405a5f585200610c05cd64440c988,200,2021-06-20T00:22:59.159978,,
1387,text/plain; charset=utf-8,0.115,a87e5975ea7cddd88764f557ad4880e06b58a480cb7bace2da8bcf3c1e5c92ba,223b31dab8f2af16bd637db4be4e17239a7405a5f585200610c05cd64440c988,200,2021-06-21T00:22:35.720075,,
1387,text/plain; charset=utf-8,0.113,a87e5975ea7cddd88764f557ad4880e06b58a480cb7bace2da8bcf3c1e5c92ba,223b31dab8f2af16bd637db4be4e17239a7405a5f585200610c05cd64440c988,200,2021-06-22T00:21:45.218260,,
1387,text/plain; charset=utf-8,0.13,a87e5975ea7cddd88764f557ad4880e06b58a480cb7bace2da8bcf3c1e5c92ba,223b31dab8f2af16bd637db4be4e17239a7405a5f585200610c05cd64440c988,200,2021-06-23T00:21:59.771411,,
1387,text/plain; charset=utf-8,0.211,a87e5975ea7cddd88764f557ad4880e06b58a480cb7bace2da8bcf3c1e5c92ba,223b31dab8f2af16bd637db4be4e17239a7405a5f585200610c05cd64440c988,200,2021-06-24T00:18:21.228667,,
1387,text/plain; charset=utf-8,0.14,a87e5975ea7cddd88764f557ad4880e06b58a480cb7bace2da8bcf3c1e5c92ba,223b31dab8f2af16bd637db4be4e17239a7405a5f585200610c05cd64440c988,200,2021-06-25T00:23:56.881768,,
1387,text/plain; charset=utf-8,0.141,a87e5975ea7cddd88764f557ad4880e06b58a480cb7bace2da8bcf3c1e5c92ba,223b31dab8f2af16bd637db4be4e17239a7405a5f585200610c05cd64440c988,200,2021-06-26T00:20:28.524516,,
1387,text/plain; charset=utf-8,0.213,a87e5975ea7cddd88764f557ad4880e06b58a480cb7bace2da8bcf3c1e5c92ba,223b31dab8f2af16bd637db4be4e17239a7405a5f585200610c05cd64440c988,200,2021-06-27T00:24:48.831690,,
1387,text/plain; charset=utf-8,0.128,a87e5975ea7cddd88764f557ad4880e06b58a480cb7bace2da8bcf3c1e5c92ba,223b31dab8f2af16bd637db4be4e17239a7405a5f585200610c05cd64440c988,200,2021-06-28T00:22:56.695977,,
1387,text/plain; charset=utf-8,0.158,a87e5975ea7cddd88764f557ad4880e06b58a480cb7bace2da8bcf3c1e5c92ba,223b31dab8f2af16bd637db4be4e17239a7405a5f585200610c05cd64440c988,200,2021-06-29T00:22:11.623156,,
1387,text/plain; charset=utf-8,0.127,a87e5975ea7cddd88764f557ad4880e06b58a480cb7bace2da8bcf3c1e5c92ba,223b31dab8f2af16bd637db4be4e17239a7405a5f585200610c05cd64440c988,200,2021-06-30T00:21:10.189608,,
1387,text/plain; charset=utf-8,0.185,a87e5975ea7cddd88764f557ad4880e06b58a480cb7bace2da8bcf3c1e5c92ba,223b31dab8f2af16bd637db4be4e17239a7405a5f585200610c05cd64440c988,200,2021-07-01T00:24:31.945894,,
1387,text/plain; charset=utf-8,0.201,a87e5975ea7cddd88764f557ad4880e06b58a480cb7bace2da8bcf3c1e5c92ba,223b31dab8f2af16bd637db4be4e17239a7405a5f585200610c05cd64440c988,200,2021-07-02T00:21:26.651868,,
1387,text/plain; charset=utf-8,0.176,a87e5975ea7cddd88764f557ad4880e06b58a480cb7bace2da8bcf3c1e5c92ba,223b31dab8f2af16bd637db4be4e17239a7405a5f585200610c05cd64440c988,200,2021-07-03T00:21:33.798577,,
1387,text/plain; charset=utf-8,0.165,a87e5975ea7cddd88764f557ad4880e06b58a480cb7bace2da8bcf3c1e5c92ba,223b31dab8f2af16bd637db4be4e17239a7405a5f585200610c05cd64440c988,200,2021-07-04T00:21:11.096671,,
1387,text/plain; charset=utf-8,0.205,a87e5975ea7cddd88764f557ad4880e06b58a480cb7bace2da8bcf3c1e5c92ba,223b31dab8f2af16bd637db4be4e17239a7405a5f585200610c05cd64440c988,200,2021-07-05T00:20:48.215169,,
1387,text/plain; charset=utf-8,0.208,a87e5975ea7cddd88764f557ad4880e06b58a480cb7bace2da8bcf3c1e5c92ba,223b31dab8f2af16bd637db4be4e17239a7405a5f585200610c05cd64440c988,200,2021-07-06T00:22:56.650250,,
1387,text/plain; charset=utf-8,0.123,a87e5975ea7cddd88764f557ad4880e06b58a480cb7bace2da8bcf3c1e5c92ba,223b31dab8f2af16bd637db4be4e17239a7405a5f585200610c05cd64440c988,200,2021-07-07T00:22:11.651541,,
1387,text/plain; charset=utf-8,0.253,a87e5975ea7cddd88764f557ad4880e06b58a480cb7bace2da8bcf3c1e5c92ba,223b31dab8f2af16bd637db4be4e17239a7405a5f585200610c05cd64440c988,200,2021-07-08T00:21:02.012332,,
1387,text/plain; charset=utf-8,0.169,a87e5975ea7cddd88764f557ad4880e06b58a480cb7bace2da8bcf3c1e5c92ba,223b31dab8f2af16bd637db4be4e17239a7405a5f585200610c05cd64440c988,200,2021-07-09T00:22:16.646753,,
1387,text/plain; charset=utf-8,0.32,a87e5975ea7cddd88764f557ad4880e06b58a480cb7bace2da8bcf3c1e5c92ba,223b31dab8f2af16bd637db4be4e17239a7405a5f585200610c05cd64440c988,200,2021-07-10T00:22:00.433026,,
1387,text/plain; charset=utf-8,0.161,a87e5975ea7cddd88764f557ad4880e06b58a480cb7bace2da8bcf3c1e5c92ba,223b31dab8f2af16bd637db4be4e17239a7405a5f585200610c05cd64440c988,200,2021-07-11T00:22:02.743157,,
1387,text/plain; charset=utf-8,0.122,a87e5975ea7cddd88764f557ad4880e06b58a480cb7bace2da8bcf3c1e5c92ba,223b31dab8f2af16bd637db4be4e17239a7405a5f585200610c05cd64440c988,200,2021-07-12T00:22:54.311503,,
1387,text/plain; charset=utf-8,0.126,a87e5975ea7cddd88764f557ad4880e06b58a480cb7bace2da8bcf3c1e5c92ba,223b31dab8f2af16bd637db4be4e17239a7405a5f585200610c05cd64440c988,200,2021-07-13T00:21:17.578923,,
1387,text/plain; charset=utf-8,0.114,a87e5975ea7cddd88764f557ad4880e06b58a480cb7bace2da8bcf3c1e5c92ba,223b31dab8f2af16bd637db4be4e17239a7405a5f585200610c05cd64440c988,200,2021-07-14T00:20:06.681082,,
1387,text/plain; charset=utf-8,0.201,a87e5975ea7cddd88764f557ad4880e06b58a480cb7bace2da8bcf3c1e5c92ba,223b31dab8f2af16bd637db4be4e17239a7405a5f585200610c05cd64440c988,200,2021-07-15T00:21:04.422424,,
1387,text/plain; charset=utf-8,1.12,a87e5975ea7cddd88764f557ad4880e06b58a480cb7bace2da8bcf3c1e5c92ba,223b31dab8f2af16bd637db4be4e17239a7405a5f585200610c05cd64440c988,200,2021-07-16T00:21:25.638091,,
1387,text/plain; charset=utf-8,0.198,a87e5975ea7cddd88764f557ad4880e06b58a480cb7bace2da8bcf3c1e5c92ba,223b31dab8f2af16bd637db4be4e17239a7405a5f585200610c05cd64440c988,200,2021-07-17T00:21:15.335647,,
1387,text/plain; charset=utf-8,0.188,a87e5975ea7cddd88764f557ad4880e06b58a480cb7bace2da8bcf3c1e5c92ba,223b31dab8f2af16bd637db4be4e17239a7405a5f585200610c05cd64440c988,200,2021-07-18T00:21:59.579695,,
1387,text/plain; charset=utf-8,0.106,a87e5975ea7cddd88764f557ad4880e06b58a480cb7bace2da8bcf3c1e5c92ba,223b31dab8f2af16bd637db4be4e17239a7405a5f585200610c05cd64440c988,200,2021-07-19T00:21:15.229433,,
1387,text/plain; charset=utf-8,0.125,a87e5975ea7cddd88764f557ad4880e06b58a480cb7bace2da8bcf3c1e5c92ba,223b31dab8f2af16bd637db4be4e17239a7405a5f585200610c05cd64440c988,200,2021-07-20T00:19:57.596900,,
1387,text/plain; charset=utf-8,0.126,a87e5975ea7cddd88764f557ad4880e06b58a480cb7bace2da8bcf3c1e5c92ba,223b31dab8f2af16bd637db4be4e17239a7405a5f585200610c05cd64440c988,200,2021-07-21T00:21:18.145692,,
1387,text/plain; charset=utf-8,0.202,a87e5975ea7cddd88764f557ad4880e06b58a480cb7bace2da8bcf3c1e5c92ba,223b31dab8f2af16bd637db4be4e17239a7405a5f585200610c05cd64440c988,200,2021-07-22T00:21:05.599636,,
1387,text/plain; charset=utf-8,0.201,a87e5975ea7cddd88764f557ad4880e06b58a480cb7bace2da8bcf3c1e5c92ba,223b31dab8f2af16bd637db4be4e17239a7405a5f585200610c05cd64440c988,200,2021-07-23T00:21:55.065481,,
1387,text/plain; charset=utf-8,0.185,a87e5975ea7cddd88764f557ad4880e06b58a480cb7bace2da8bcf3c1e5c92ba,223b31dab8f2af16bd637db4be4e17239a7405a5f585200610c05cd64440c988,200,2021-07-24T00:20:18.550847,,
1387,text/plain; charset=utf-8,0.128,a87e5975ea7cddd88764f557ad4880e06b58a480cb7bace2da8bcf3c1e5c92ba,223b31dab8f2af16bd637db4be4e17239a7405a5f585200610c05cd64440c988,200,2021-07-25T00:21:21.151746,,
1387,text/plain; charset=utf-8,0.13,a87e5975ea7cddd88764f557ad4880e06b58a480cb7bace2da8bcf3c1e5c92ba,223b31dab8f2af16bd637db4be4e17239a7405a5f585200610c05cd64440c988,200,2021-07-26T00:21:05.641768,,
1387,text/plain; charset=utf-8,0.125,a87e5975ea7cddd88764f557ad4880e06b58a480cb7bace2da8bcf3c1e5c92ba,223b31dab8f2af16bd637db4be4e17239a7405a5f585200610c05cd64440c988,200,2021-07-27T00:20:02.483916,,
1387,text/plain; charset=utf-8,0.134,a87e5975ea7cddd88764f557ad4880e06b58a480cb7bace2da8bcf3c1e5c92ba,223b31dab8f2af16bd637db4be4e17239a7405a5f585200610c05cd64440c988,200,2021-07-28T00:22:13.241670,,
1387,text/plain; charset=utf-8,0.195,a87e5975ea7cddd88764f557ad4880e06b58a480cb7bace2da8bcf3c1e5c92ba,223b31dab8f2af16bd637db4be4e17239a7405a5f585200610c05cd64440c988,200,2021-07-29T00:21:04.854396,,
1387,text/plain; charset=utf-8,0.188,a87e5975ea7cddd88764f557ad4880e06b58a480cb7bace2da8bcf3c1e5c92ba,223b31dab8f2af16bd637db4be4e17239a7405a5f585200610c05cd64440c988,200,2021-07-30T00:20:42.945486,,
1387,text/plain; charset=utf-8,0.118,a87e5975ea7cddd88764f557ad4880e06b58a480cb7bace2da8bcf3c1e5c92ba,223b31dab8f2af16bd637db4be4e17239a7405a5f585200610c05cd64440c988,200,2021-07-31T00:21:42.586883,,
1387,text/plain; charset=utf-8,0.105,a87e5975ea7cddd88764f557ad4880e06b58a480cb7bace2da8bcf3c1e5c92ba,223b31dab8f2af16bd637db4be4e17239a7405a5f585200610c05cd64440c988,200,2021-08-01T00:25:18.668776,,
1387,text/plain; charset=utf-8,0.127,a87e5975ea7cddd88764f557ad4880e06b58a480cb7bace2da8bcf3c1e5c92ba,223b31dab8f2af16bd637db4be4e17239a7405a5f585200610c05cd64440c988,200,2021-08-02T00:21:50.168786,,
1387,text/plain; charset=utf-8,0.136,a87e5975ea7cddd88764f557ad4880e06b58a480cb7bace2da8bcf3c1e5c92ba,223b31dab8f2af16bd637db4be4e17239a7405a5f585200610c05cd64440c988,200,2021-08-03T00:25:16.052889,,
1387,text/plain; charset=utf-8,0.135,a87e5975ea7cddd88764f557ad4880e06b58a480cb7bace2da8bcf3c1e5c92ba,223b31dab8f2af16bd637db4be4e17239a7405a5f585200610c05cd64440c988,200,2021-08-04T00:21:26.348506,,
1387,text/plain; charset=utf-8,0.191,a87e5975ea7cddd88764f557ad4880e06b58a480cb7bace2da8bcf3c1e5c92ba,223b31dab8f2af16bd637db4be4e17239a7405a5f585200610c05cd64440c988,200,2021-08-05T00:23:00.016035,,
1387,text/plain; charset=utf-8,0.159,a87e5975ea7cddd88764f557ad4880e06b58a480cb7bace2da8bcf3c1e5c92ba,223b31dab8f2af16bd637db4be4e17239a7405a5f585200610c05cd64440c988,200,2021-08-06T00:22:07.677829,,
1387,text/plain; charset=utf-8,0.113,a87e5975ea7cddd88764f557ad4880e06b58a480cb7bace2da8bcf3c1e5c92ba,223b31dab8f2af16bd637db4be4e17239a7405a5f585200610c05cd64440c988,200,2021-08-07T00:20:10.186822,,
1387,text/plain; charset=utf-8,0.196,a87e5975ea7cddd88764f557ad4880e06b58a480cb7bace2da8bcf3c1e5c92ba,223b31dab8f2af16bd637db4be4e17239a7405a5f585200610c05cd64440c988,200,2021-08-08T00:22:55.221737,,
1387,text/plain; charset=utf-8,0.124,a87e5975ea7cddd88764f557ad4880e06b58a480cb7bace2da8bcf3c1e5c92ba,223b31dab8f2af16bd637db4be4e17239a7405a5f585200610c05cd64440c988,200,2021-08-09T00:23:40.620675,,
1387,text/plain; charset=utf-8,0.125,a87e5975ea7cddd88764f557ad4880e06b58a480cb7bace2da8bcf3c1e5c92ba,223b31dab8f2af16bd637db4be4e17239a7405a5f585200610c05cd64440c988,200,2021-08-10T00:23:21.234058,,
1387,text/plain; charset=utf-8,0.132,a87e5975ea7cddd88764f557ad4880e06b58a480cb7bace2da8bcf3c1e5c92ba,223b31dab8f2af16bd637db4be4e17239a7405a5f585200610c05cd64440c988,200,2021-08-11T00:28:40.606631,,
1387,text/plain; charset=utf-8,0.136,a87e5975ea7cddd88764f557ad4880e06b58a480cb7bace2da8bcf3c1e5c92ba,223b31dab8f2af16bd637db4be4e17239a7405a5f585200610c05cd64440c988,200,2021-08-12T00:22:40.919891,,
1387,text/plain; charset=utf-8,0.144,a87e5975ea7cddd88764f557ad4880e06b58a480cb7bace2da8bcf3c1e5c92ba,223b31dab8f2af16bd637db4be4e17239a7405a5f585200610c05cd64440c988,200,2021-08-13T00:22:38.355250,,
1387,text/plain; charset=utf-8,0.158,a87e5975ea7cddd88764f557ad4880e06b58a480cb7bace2da8bcf3c1e5c92ba,223b31dab8f2af16bd637db4be4e17239a7405a5f585200610c05cd64440c988,200,2021-08-14T00:20:54.189794,,
1387,text/plain; charset=utf-8,0.113,a87e5975ea7cddd88764f557ad4880e06b58a480cb7bace2da8bcf3c1e5c92ba,223b31dab8f2af16bd637db4be4e17239a7405a5f585200610c05cd64440c988,200,2021-08-15T00:22:47.492049,,
1387,text/plain; charset=utf-8,0.112,a87e5975ea7cddd88764f557ad4880e06b58a480cb7bace2da8bcf3c1e5c92ba,223b31dab8f2af16bd637db4be4e17239a7405a5f585200610c05cd64440c988,200,2021-08-16T00:22:05.991045,,
1387,text/plain; charset=utf-8,0.126,a87e5975ea7cddd88764f557ad4880e06b58a480cb7bace2da8bcf3c1e5c92ba,223b31dab8f2af16bd637db4be4e17239a7405a5f585200610c05cd64440c988,200,2021-08-17T00:22:42.276254,,
1387,text/plain; charset=utf-8,0.117,a87e5975ea7cddd88764f557ad4880e06b58a480cb7bace2da8bcf3c1e5c92ba,223b31dab8f2af16bd637db4be4e17239a7405a5f585200610c05cd64440c988,200,2021-08-18T00:21:50.664000,,
1387,text/plain; charset=utf-8,0.207,a87e5975ea7cddd88764f557ad4880e06b58a480cb7bace2da8bcf3c1e5c92ba,223b31dab8f2af16bd637db4be4e17239a7405a5f585200610c05cd64440c988,200,2021-08-19T00:19:19.389587,,
1387,text/plain; charset=utf-8,0.197,a87e5975ea7cddd88764f557ad4880e06b58a480cb7bace2da8bcf3c1e5c92ba,223b31dab8f2af16bd637db4be4e17239a7405a5f585200610c05cd64440c988,200,2021-08-20T00:22:11.240952,,
1387,text/plain; charset=utf-8,0.226,a87e5975ea7cddd88764f557ad4880e06b58a480cb7bace2da8bcf3c1e5c92ba,223b31dab8f2af16bd637db4be4e17239a7405a5f585200610c05cd64440c988,200,2021-08-21T00:20:59.119967,,
1387,text/plain; charset=utf-8,0.289,a87e5975ea7cddd88764f557ad4880e06b58a480cb7bace2da8bcf3c1e5c92ba,223b31dab8f2af16bd637db4be4e17239a7405a5f585200610c05cd64440c988,200,2021-08-22T00:21:53.964710,,
1387,text/plain; charset=utf-8,0.242,a87e5975ea7cddd88764f557ad4880e06b58a480cb7bace2da8bcf3c1e5c92ba,223b31dab8f2af16bd637db4be4e17239a7405a5f585200610c05cd64440c988,200,2021-08-23T00:21:16.779699,,
1387,text/plain; charset=utf-8,0.376,a87e5975ea7cddd88764f557ad4880e06b58a480cb7bace2da8bcf3c1e5c92ba,223b31dab8f2af16bd637db4be4e17239a7405a5f585200610c05cd64440c988,200,2021-08-24T00:22:06.701864,,
1387,text/plain; charset=utf-8,0.113,a87e5975ea7cddd88764f557ad4880e06b58a480cb7bace2da8bcf3c1e5c92ba,223b31dab8f2af16bd637db4be4e17239a7405a5f585200610c05cd64440c988,200,2021-08-25T00:23:28.467176,,
1387,text/plain; charset=utf-8,0.12,a87e5975ea7cddd88764f557ad4880e06b58a480cb7bace2da8bcf3c1e5c92ba,223b31dab8f2af16bd637db4be4e17239a7405a5f585200610c05cd64440c988,200,2021-08-26T00:21:21.156656,,
1387,text/plain; charset=utf-8,0.125,a87e5975ea7cddd88764f557ad4880e06b58a480cb7bace2da8bcf3c1e5c92ba,223b31dab8f2af16bd637db4be4e17239a7405a5f585200610c05cd64440c988,200,2021-08-27T00:24:16.769977,,
1387,text/plain; charset=utf-8,0.111,a87e5975ea7cddd88764f557ad4880e06b58a480cb7bace2da8bcf3c1e5c92ba,223b31dab8f2af16bd637db4be4e17239a7405a5f585200610c05cd64440c988,200,2021-08-28T00:20:57.096836,,
1387,text/plain; charset=utf-8,0.12,a87e5975ea7cddd88764f557ad4880e06b58a480cb7bace2da8bcf3c1e5c92ba,223b31dab8f2af16bd637db4be4e17239a7405a5f585200610c05cd64440c988,200,2021-08-29T00:23:17.951273,,
1387,text/plain; charset=utf-8,0.133,a87e5975ea7cddd88764f557ad4880e06b58a480cb7bace2da8bcf3c1e5c92ba,223b31dab8f2af16bd637db4be4e17239a7405a5f585200610c05cd64440c988,200,2021-08-30T00:23:50.617536,,
1387,text/plain; charset=utf-8,0.116,a87e5975ea7cddd88764f557ad4880e06b58a480cb7bace2da8bcf3c1e5c92ba,223b31dab8f2af16bd637db4be4e17239a7405a5f585200610c05cd64440c988,200,2021-08-31T00:22:12.800389,,
1387,text/plain; charset=utf-8,0.142,a87e5975ea7cddd88764f557ad4880e06b58a480cb7bace2da8bcf3c1e5c92ba,223b31dab8f2af16bd637db4be4e17239a7405a5f585200610c05cd64440c988,200,2021-09-01T00:23:49.840697,,
1387,text/plain; charset=utf-8,0.16,a87e5975ea7cddd88764f557ad4880e06b58a480cb7bace2da8bcf3c1e5c92ba,223b31dab8f2af16bd637db4be4e17239a7405a5f585200610c05cd64440c988,200,2021-09-02T00:22:33.912299,,
1387,text/plain; charset=utf-8,0.128,a87e5975ea7cddd88764f557ad4880e06b58a480cb7bace2da8bcf3c1e5c92ba,223b31dab8f2af16bd637db4be4e17239a7405a5f585200610c05cd64440c988,200,2021-09-03T00:21:22.920294,,
1387,text/plain; charset=utf-8,0.192,a87e5975ea7cddd88764f557ad4880e06b58a480cb7bace2da8bcf3c1e5c92ba,223b31dab8f2af16bd637db4be4e17239a7405a5f585200610c05cd64440c988,200,2021-09-04T00:21:51.453282,,
1387,text/plain; charset=utf-8,0.208,a87e5975ea7cddd88764f557ad4880e06b58a480cb7bace2da8bcf3c1e5c92ba,223b31dab8f2af16bd637db4be4e17239a7405a5f585200610c05cd64440c988,200,2021-09-05T00:24:15.844979,,
1387,text/plain; charset=utf-8,0.715,a87e5975ea7cddd88764f557ad4880e06b58a480cb7bace2da8bcf3c1e5c92ba,223b31dab8f2af16bd637db4be4e17239a7405a5f585200610c05cd64440c988,200,2021-09-06T00:25:55.321386,,
1387,text/plain; charset=utf-8,0.127,a87e5975ea7cddd88764f557ad4880e06b58a480cb7bace2da8bcf3c1e5c92ba,223b31dab8f2af16bd637db4be4e17239a7405a5f585200610c05cd64440c988,200,2021-09-07T00:21:21.527123,,
1387,text/plain; charset=utf-8,0.244,a87e5975ea7cddd88764f557ad4880e06b58a480cb7bace2da8bcf3c1e5c92ba,223b31dab8f2af16bd637db4be4e17239a7405a5f585200610c05cd64440c988,200,2021-09-08T00:21:38.646311,,
1387,text/plain; charset=utf-8,0.127,a87e5975ea7cddd88764f557ad4880e06b58a480cb7bace2da8bcf3c1e5c92ba,223b31dab8f2af16bd637db4be4e17239a7405a5f585200610c05cd64440c988,200,2021-09-09T00:23:47.969224,,
1387,text/plain; charset=utf-8,0.133,a87e5975ea7cddd88764f557ad4880e06b58a480cb7bace2da8bcf3c1e5c92ba,223b31dab8f2af16bd637db4be4e17239a7405a5f585200610c05cd64440c988,200,2021-09-10T00:25:27.650855,,
1387,text/plain; charset=utf-8,0.209,a87e5975ea7cddd88764f557ad4880e06b58a480cb7bace2da8bcf3c1e5c92ba,223b31dab8f2af16bd637db4be4e17239a7405a5f585200610c05cd64440c988,200,2021-09-11T00:23:27.066215,,
1387,text/plain; charset=utf-8,0.207,a87e5975ea7cddd88764f557ad4880e06b58a480cb7bace2da8bcf3c1e5c92ba,223b31dab8f2af16bd637db4be4e17239a7405a5f585200610c05cd64440c988,200,2021-09-12T00:25:16.192538,,
1387,text/plain; charset=utf-8,0.126,a87e5975ea7cddd88764f557ad4880e06b58a480cb7bace2da8bcf3c1e5c92ba,223b31dab8f2af16bd637db4be4e17239a7405a5f585200610c05cd64440c988,200,2021-09-13T00:25:27.376406,,
1387,text/plain; charset=utf-8,0.164,a87e5975ea7cddd88764f557ad4880e06b58a480cb7bace2da8bcf3c1e5c92ba,223b31dab8f2af16bd637db4be4e17239a7405a5f585200610c05cd64440c988,200,2021-09-14T00:24:47.481986,,
1387,text/plain; charset=utf-8,0.145,a87e5975ea7cddd88764f557ad4880e06b58a480cb7bace2da8bcf3c1e5c92ba,223b31dab8f2af16bd637db4be4e17239a7405a5f585200610c05cd64440c988,200,2021-09-15T00:22:30.227129,,
1387,text/plain; charset=utf-8,0.118,a87e5975ea7cddd88764f557ad4880e06b58a480cb7bace2da8bcf3c1e5c92ba,223b31dab8f2af16bd637db4be4e17239a7405a5f585200610c05cd64440c988,200,2021-09-16T00:23:50.011112,,
1387,text/plain; charset=utf-8,0.194,a87e5975ea7cddd88764f557ad4880e06b58a480cb7bace2da8bcf3c1e5c92ba,223b31dab8f2af16bd637db4be4e17239a7405a5f585200610c05cd64440c988,200,2021-09-17T00:25:39.643533,,
1387,text/plain; charset=utf-8,0.123,a87e5975ea7cddd88764f557ad4880e06b58a480cb7bace2da8bcf3c1e5c92ba,223b31dab8f2af16bd637db4be4e17239a7405a5f585200610c05cd64440c988,200,2021-09-18T00:21:45.943503,,
1387,text/plain; charset=utf-8,0.129,a87e5975ea7cddd88764f557ad4880e06b58a480cb7bace2da8bcf3c1e5c92ba,223b31dab8f2af16bd637db4be4e17239a7405a5f585200610c05cd64440c988,200,2021-09-19T00:24:13.736160,,
1387,text/plain; charset=utf-8,0.129,a87e5975ea7cddd88764f557ad4880e06b58a480cb7bace2da8bcf3c1e5c92ba,223b31dab8f2af16bd637db4be4e17239a7405a5f585200610c05cd64440c988,200,2021-09-20T00:25:25.641060,,
1387,text/plain; charset=utf-8,0.135,a87e5975ea7cddd88764f557ad4880e06b58a480cb7bace2da8bcf3c1e5c92ba,223b31dab8f2af16bd637db4be4e17239a7405a5f585200610c05cd64440c988,200,2021-09-21T00:21:36.813624,,
1387,text/plain; charset=utf-8,0.112,a87e5975ea7cddd88764f557ad4880e06b58a480cb7bace2da8bcf3c1e5c92ba,223b31dab8f2af16bd637db4be4e17239a7405a5f585200610c05cd64440c988,200,2021-09-22T00:24:03.607924,,
1387,text/plain; charset=utf-8,0.171,a87e5975ea7cddd88764f557ad4880e06b58a480cb7bace2da8bcf3c1e5c92ba,223b31dab8f2af16bd637db4be4e17239a7405a5f585200610c05cd64440c988,200,2021-09-23T00:24:59.219914,,
1387,text/plain; charset=utf-8,0.196,a87e5975ea7cddd88764f557ad4880e06b58a480cb7bace2da8bcf3c1e5c92ba,223b31dab8f2af16bd637db4be4e17239a7405a5f585200610c05cd64440c988,200,2021-09-24T00:23:43.084267,,
1387,text/plain; charset=utf-8,0.607,a87e5975ea7cddd88764f557ad4880e06b58a480cb7bace2da8bcf3c1e5c92ba,223b31dab8f2af16bd637db4be4e17239a7405a5f585200610c05cd64440c988,200,2021-09-25T00:23:09.627318,,
1387,text/plain; charset=utf-8,0.143,a87e5975ea7cddd88764f557ad4880e06b58a480cb7bace2da8bcf3c1e5c92ba,223b31dab8f2af16bd637db4be4e17239a7405a5f585200610c05cd64440c988,200,2021-09-26T00:25:06.083172,,
1387,text/plain; charset=utf-8,0.142,a87e5975ea7cddd88764f557ad4880e06b58a480cb7bace2da8bcf3c1e5c92ba,223b31dab8f2af16bd637db4be4e17239a7405a5f585200610c05cd64440c988,200,2021-09-27T00:24:02.159937,,
1387,text/plain; charset=utf-8,0.176,a87e5975ea7cddd88764f557ad4880e06b58a480cb7bace2da8bcf3c1e5c92ba,223b31dab8f2af16bd637db4be4e17239a7405a5f585200610c05cd64440c988,200,2021-09-28T00:24:06.132631,,
1387,text/plain; charset=utf-8,0.156,a87e5975ea7cddd88764f557ad4880e06b58a480cb7bace2da8bcf3c1e5c92ba,223b31dab8f2af16bd637db4be4e17239a7405a5f585200610c05cd64440c988,200,2021-09-29T00:23:01.073394,,
1387,text/plain; charset=utf-8,0.128,a87e5975ea7cddd88764f557ad4880e06b58a480cb7bace2da8bcf3c1e5c92ba,223b31dab8f2af16bd637db4be4e17239a7405a5f585200610c05cd64440c988,200,2021-09-30T00:25:52.563680,,
1387,text/plain; charset=utf-8,0.114,a87e5975ea7cddd88764f557ad4880e06b58a480cb7bace2da8bcf3c1e5c92ba,223b31dab8f2af16bd637db4be4e17239a7405a5f585200610c05cd64440c988,200,2021-10-01T00:26:18.333386,,
1387,text/plain; charset=utf-8,0.128,a87e5975ea7cddd88764f557ad4880e06b58a480cb7bace2da8bcf3c1e5c92ba,223b31dab8f2af16bd637db4be4e17239a7405a5f585200610c05cd64440c988,200,2021-10-02T00:23:09.600985,,
1387,text/plain; charset=utf-8,0.133,a87e5975ea7cddd88764f557ad4880e06b58a480cb7bace2da8bcf3c1e5c92ba,223b31dab8f2af16bd637db4be4e17239a7405a5f585200610c05cd64440c988,200,2021-10-03T00:26:18.511652,,
1387,text/plain; charset=utf-8,0.135,a87e5975ea7cddd88764f557ad4880e06b58a480cb7bace2da8bcf3c1e5c92ba,223b31dab8f2af16bd637db4be4e17239a7405a5f585200610c05cd64440c988,200,2021-10-04T00:26:28.551065,,
1387,text/plain; charset=utf-8,0.213,a87e5975ea7cddd88764f557ad4880e06b58a480cb7bace2da8bcf3c1e5c92ba,223b31dab8f2af16bd637db4be4e17239a7405a5f585200610c05cd64440c988,200,2021-10-05T00:26:01.331301,,
1387,text/plain; charset=utf-8,0.189,a87e5975ea7cddd88764f557ad4880e06b58a480cb7bace2da8bcf3c1e5c92ba,223b31dab8f2af16bd637db4be4e17239a7405a5f585200610c05cd64440c988,200,2021-10-06T00:24:29.806189,,
1387,text/plain; charset=utf-8,0.137,a87e5975ea7cddd88764f557ad4880e06b58a480cb7bace2da8bcf3c1e5c92ba,223b31dab8f2af16bd637db4be4e17239a7405a5f585200610c05cd64440c988,200,2021-10-07T00:23:48.989419,,
1387,text/plain; charset=utf-8,0.171,a87e5975ea7cddd88764f557ad4880e06b58a480cb7bace2da8bcf3c1e5c92ba,223b31dab8f2af16bd637db4be4e17239a7405a5f585200610c05cd64440c988,200,2021-10-08T00:25:01.859288,,
1387,text/plain; charset=utf-8,0.149,a87e5975ea7cddd88764f557ad4880e06b58a480cb7bace2da8bcf3c1e5c92ba,223b31dab8f2af16bd637db4be4e17239a7405a5f585200610c05cd64440c988,200,2021-10-09T00:23:17.881810,,
1387,text/plain; charset=utf-8,0.127,a87e5975ea7cddd88764f557ad4880e06b58a480cb7bace2da8bcf3c1e5c92ba,223b31dab8f2af16bd637db4be4e17239a7405a5f585200610c05cd64440c988,200,2021-10-10T00:24:43.899845,,
1387,text/plain; charset=utf-8,0.145,a87e5975ea7cddd88764f557ad4880e06b58a480cb7bace2da8bcf3c1e5c92ba,223b31dab8f2af16bd637db4be4e17239a7405a5f585200610c05cd64440c988,200,2021-10-11T00:24:40.206806,,
1387,text/plain; charset=utf-8,0.174,a87e5975ea7cddd88764f557ad4880e06b58a480cb7bace2da8bcf3c1e5c92ba,223b31dab8f2af16bd637db4be4e17239a7405a5f585200610c05cd64440c988,200,2021-10-12T00:26:36.884504,,
1387,text/plain; charset=utf-8,0.198,a87e5975ea7cddd88764f557ad4880e06b58a480cb7bace2da8bcf3c1e5c92ba,223b31dab8f2af16bd637db4be4e17239a7405a5f585200610c05cd64440c988,200,2021-10-13T00:24:32.972228,,
1387,text/plain; charset=utf-8,0.137,a87e5975ea7cddd88764f557ad4880e06b58a480cb7bace2da8bcf3c1e5c92ba,223b31dab8f2af16bd637db4be4e17239a7405a5f585200610c05cd64440c988,200,2021-10-14T00:23:25.567087,,
1387,text/plain; charset=utf-8,0.142,a87e5975ea7cddd88764f557ad4880e06b58a480cb7bace2da8bcf3c1e5c92ba,223b31dab8f2af16bd637db4be4e17239a7405a5f585200610c05cd64440c988,200,2021-10-15T00:24:53.874523,,
1387,text/plain; charset=utf-8,0.125,a87e5975ea7cddd88764f557ad4880e06b58a480cb7bace2da8bcf3c1e5c92ba,223b31dab8f2af16bd637db4be4e17239a7405a5f585200610c05cd64440c988,200,2021-10-16T00:26:11.133367,,
1387,text/plain; charset=utf-8,0.139,a87e5975ea7cddd88764f557ad4880e06b58a480cb7bace2da8bcf3c1e5c92ba,223b31dab8f2af16bd637db4be4e17239a7405a5f585200610c05cd64440c988,200,2021-10-17T00:24:48.633381,,
1387,text/plain; charset=utf-8,0.133,a87e5975ea7cddd88764f557ad4880e06b58a480cb7bace2da8bcf3c1e5c92ba,223b31dab8f2af16bd637db4be4e17239a7405a5f585200610c05cd64440c988,200,2021-10-18T00:24:30.735327,,
1387,text/plain; charset=utf-8,0.131,a87e5975ea7cddd88764f557ad4880e06b58a480cb7bace2da8bcf3c1e5c92ba,223b31dab8f2af16bd637db4be4e17239a7405a5f585200610c05cd64440c988,200,2021-10-19T00:25:53.487316,,
1387,text/plain; charset=utf-8,0.131,a87e5975ea7cddd88764f557ad4880e06b58a480cb7bace2da8bcf3c1e5c92ba,223b31dab8f2af16bd637db4be4e17239a7405a5f585200610c05cd64440c988,200,2021-10-20T00:26:10.631049,,
1387,text/plain; charset=utf-8,0.138,a87e5975ea7cddd88764f557ad4880e06b58a480cb7bace2da8bcf3c1e5c92ba,223b31dab8f2af16bd637db4be4e17239a7405a5f585200610c05cd64440c988,200,2021-10-21T00:27:28.434723,,
1387,text/plain; charset=utf-8,0.192,a87e5975ea7cddd88764f557ad4880e06b58a480cb7bace2da8bcf3c1e5c92ba,223b31dab8f2af16bd637db4be4e17239a7405a5f585200610c05cd64440c988,200,2021-10-22T00:27:58.085716,,
1387,text/plain; charset=utf-8,0.137,a87e5975ea7cddd88764f557ad4880e06b58a480cb7bace2da8bcf3c1e5c92ba,223b31dab8f2af16bd637db4be4e17239a7405a5f585200610c05cd64440c988,200,2021-10-23T00:24:53.258356,,
1387,text/plain; charset=utf-8,0.125,a87e5975ea7cddd88764f557ad4880e06b58a480cb7bace2da8bcf3c1e5c92ba,223b31dab8f2af16bd637db4be4e17239a7405a5f585200610c05cd64440c988,200,2021-10-24T00:25:43.547321,,
1387,text/plain; charset=utf-8,0.185,a87e5975ea7cddd88764f557ad4880e06b58a480cb7bace2da8bcf3c1e5c92ba,223b31dab8f2af16bd637db4be4e17239a7405a5f585200610c05cd64440c988,200,2021-10-25T00:26:24.973861,,
1387,text/plain; charset=utf-8,0.3,a87e5975ea7cddd88764f557ad4880e06b58a480cb7bace2da8bcf3c1e5c92ba,223b31dab8f2af16bd637db4be4e17239a7405a5f585200610c05cd64440c988,200,2021-10-26T00:23:54.651718,,
1387,text/plain; charset=utf-8,0.196,a87e5975ea7cddd88764f557ad4880e06b58a480cb7bace2da8bcf3c1e5c92ba,223b31dab8f2af16bd637db4be4e17239a7405a5f585200610c05cd64440c988,200,2021-10-27T00:24:04.413979,,
1387,text/plain; charset=utf-8,0.148,a87e5975ea7cddd88764f557ad4880e06b58a480cb7bace2da8bcf3c1e5c92ba,223b31dab8f2af16bd637db4be4e17239a7405a5f585200610c05cd64440c988,200,2021-10-28T00:24:20.414320,,
81734,application/json,0.664,55e8c3db23ada8dac1343c4b6dd8ecd71c6b057ee3cea1eec2aa73318f06bc3f,368d17a72f6f47f94e3ab6832223fa01d38838b9d24c5f27c53e4704eee83c9d,200,2021-10-29T09:53:09.788706,,
1387,text/plain; charset=utf-8,0.198,a87e5975ea7cddd88764f557ad4880e06b58a480cb7bace2da8bcf3c1e5c92ba,223b31dab8f2af16bd637db4be4e17239a7405a5f585200610c05cd64440c988,200,2021-10-29T00:22:56.463341,,
29948,application/json,1.217,e7a76e75e24a96e2b8cf2ee39cdd7bd4fc7fe5978cc77828434787f457b34d3f,7fb3fd9a1f73608c71659df88e4c26f64e5ce883e5e1456b88dd14194cd1d677,200,2021-10-29T09:53:09.788706,,
81734,application/json,1.067,55e8c3db23ada8dac1343c4b6dd8ecd71c6b057ee3cea1eec2aa73318f06bc3f,368d17a72f6f47f94e3ab6832223fa01d38838b9d24c5f27c53e4704eee83c9d,200,2021-10-30T00:24:11.492481,,
1387,text/plain; charset=utf-8,0.186,a87e5975ea7cddd88764f557ad4880e06b58a480cb7bace2da8bcf3c1e5c92ba,223b31dab8f2af16bd637db4be4e17239a7405a5f585200610c05cd64440c988,200,2021-10-30T00:24:11.492481,,
29948,application/json,0.857,e7a76e75e24a96e2b8cf2ee39cdd7bd4fc7fe5978cc77828434787f457b34d3f,7fb3fd9a1f73608c71659df88e4c26f64e5ce883e5e1456b88dd14194cd1d677,200,2021-10-30T00:24:11.492481,,
81734,application/json,1.379,55e8c3db23ada8dac1343c4b6dd8ecd71c6b057ee3cea1eec2aa73318f06bc3f,368d17a72f6f47f94e3ab6832223fa01d38838b9d24c5f27c53e4704eee83c9d,200,2021-10-31T00:25:42.857218,,
1387,text/plain; charset=utf-8,0.127,a87e5975ea7cddd88764f557ad4880e06b58a480cb7bace2da8bcf3c1e5c92ba,223b31dab8f2af16bd637db4be4e17239a7405a5f585200610c05cd64440c988,200,2021-10-31T00:25:42.857218,,
29948,application/json,1.272,e7a76e75e24a96e2b8cf2ee39cdd7bd4fc7fe5978cc77828434787f457b34d3f,7fb3fd9a1f73608c71659df88e4c26f64e5ce883e5e1456b88dd14194cd1d677,200,2021-10-31T00:25:42.857218,,
81734,application/json,0.533,55e8c3db23ada8dac1343c4b6dd8ecd71c6b057ee3cea1eec2aa73318f06bc3f,368d17a72f6f47f94e3ab6832223fa01d38838b9d24c5f27c53e4704eee83c9d,200,2021-11-01T00:26:10.847062,,
1387,text/plain; charset=utf-8,0.131,a87e5975ea7cddd88764f557ad4880e06b58a480cb7bace2da8bcf3c1e5c92ba,223b31dab8f2af16bd637db4be4e17239a7405a5f585200610c05cd64440c988,200,2021-11-01T00:26:10.847062,,
29948,application/json,1.258,e7a76e75e24a96e2b8cf2ee39cdd7bd4fc7fe5978cc77828434787f457b34d3f,7fb3fd9a1f73608c71659df88e4c26f64e5ce883e5e1456b88dd14194cd1d677,200,2021-11-01T00:26:10.847062,,
81734,application/json,1.542,55e8c3db23ada8dac1343c4b6dd8ecd71c6b057ee3cea1eec2aa73318f06bc3f,368d17a72f6f47f94e3ab6832223fa01d38838b9d24c5f27c53e4704eee83c9d,200,2021-11-02T00:24:59.157239,,
1387,text/plain; charset=utf-8,0.2,a87e5975ea7cddd88764f557ad4880e06b58a480cb7bace2da8bcf3c1e5c92ba,223b31dab8f2af16bd637db4be4e17239a7405a5f585200610c05cd64440c988,200,2021-11-02T00:24:59.157239,,
29948,application/json,0.489,e7a76e75e24a96e2b8cf2ee39cdd7bd4fc7fe5978cc77828434787f457b34d3f,7fb3fd9a1f73608c71659df88e4c26f64e5ce883e5e1456b88dd14194cd1d677,200,2021-11-02T00:24:59.157239,,
81734,application/json,0.486,55e8c3db23ada8dac1343c4b6dd8ecd71c6b057ee3cea1eec2aa73318f06bc3f,368d17a72f6f47f94e3ab6832223fa01d38838b9d24c5f27c53e4704eee83c9d,200,2021-11-03T00:24:23.893728,,
1387,text/plain; charset=utf-8,0.151,a87e5975ea7cddd88764f557ad4880e06b58a480cb7bace2da8bcf3c1e5c92ba,223b31dab8f2af16bd637db4be4e17239a7405a5f585200610c05cd64440c988,200,2021-11-03T00:24:23.893728,,
29948,application/json,1.51,e7a76e75e24a96e2b8cf2ee39cdd7bd4fc7fe5978cc77828434787f457b34d3f,7fb3fd9a1f73608c71659df88e4c26f64e5ce883e5e1456b88dd14194cd1d677,200,2021-11-03T00:24:23.893728,,
81734,application/json,1.476,55e8c3db23ada8dac1343c4b6dd8ecd71c6b057ee3cea1eec2aa73318f06bc3f,368d17a72f6f47f94e3ab6832223fa01d38838b9d24c5f27c53e4704eee83c9d,200,2021-11-04T00:24:25.416237,,
1387,text/plain; charset=utf-8,0.136,a87e5975ea7cddd88764f557ad4880e06b58a480cb7bace2da8bcf3c1e5c92ba,223b31dab8f2af16bd637db4be4e17239a7405a5f585200610c05cd64440c988,200,2021-11-04T00:24:25.416237,,
29948,application/json,0.404,e7a76e75e24a96e2b8cf2ee39cdd7bd4fc7fe5978cc77828434787f457b34d3f,7fb3fd9a1f73608c71659df88e4c26f64e5ce883e5e1456b88dd14194cd1d677,200,2021-11-04T00:24:25.416237,,
81734,application/json,0.597,55e8c3db23ada8dac1343c4b6dd8ecd71c6b057ee3cea1eec2aa73318f06bc3f,368d17a72f6f47f94e3ab6832223fa01d38838b9d24c5f27c53e4704eee83c9d,200,2021-11-05T00:24:39.566269,,
1387,text/plain; charset=utf-8,0.166,a87e5975ea7cddd88764f557ad4880e06b58a480cb7bace2da8bcf3c1e5c92ba,223b31dab8f2af16bd637db4be4e17239a7405a5f585200610c05cd64440c988,200,2021-11-05T00:24:39.566269,,
29948,application/json,0.558,e7a76e75e24a96e2b8cf2ee39cdd7bd4fc7fe5978cc77828434787f457b34d3f,7fb3fd9a1f73608c71659df88e4c26f64e5ce883e5e1456b88dd14194cd1d677,200,2021-11-05T00:24:39.566269,,
81734,application/json,1.437,55e8c3db23ada8dac1343c4b6dd8ecd71c6b057ee3cea1eec2aa73318f06bc3f,368d17a72f6f47f94e3ab6832223fa01d38838b9d24c5f27c53e4704eee83c9d,200,2021-11-06T00:23:42.629763,,
1387,text/plain; charset=utf-8,0.136,a87e5975ea7cddd88764f557ad4880e06b58a480cb7bace2da8bcf3c1e5c92ba,223b31dab8f2af16bd637db4be4e17239a7405a5f585200610c05cd64440c988,200,2021-11-06T00:23:42.629763,,
29948,application/json,1.051,e7a76e75e24a96e2b8cf2ee39cdd7bd4fc7fe5978cc77828434787f457b34d3f,7fb3fd9a1f73608c71659df88e4c26f64e5ce883e5e1456b88dd14194cd1d677,200,2021-11-06T00:23:42.629763,,
81734,application/json,1.34,55e8c3db23ada8dac1343c4b6dd8ecd71c6b057ee3cea1eec2aa73318f06bc3f,368d17a72f6f47f94e3ab6832223fa01d38838b9d24c5f27c53e4704eee83c9d,200,2021-11-07T00:25:27.506553,,
1387,text/plain; charset=utf-8,0.181,a87e5975ea7cddd88764f557ad4880e06b58a480cb7bace2da8bcf3c1e5c92ba,223b31dab8f2af16bd637db4be4e17239a7405a5f585200610c05cd64440c988,200,2021-11-07T00:25:27.506553,,
29948,application/json,1.24,e7a76e75e24a96e2b8cf2ee39cdd7bd4fc7fe5978cc77828434787f457b34d3f,7fb3fd9a1f73608c71659df88e4c26f64e5ce883e5e1456b88dd14194cd1d677,200,2021-11-07T00:25:27.506553,,
81734,application/json,0.682,55e8c3db23ada8dac1343c4b6dd8ecd71c6b057ee3cea1eec2aa73318f06bc3f,368d17a72f6f47f94e3ab6832223fa01d38838b9d24c5f27c53e4704eee83c9d,200,2021-11-08T00:25:33.302679,,
1387,text/plain; charset=utf-8,0.146,a87e5975ea7cddd88764f557ad4880e06b58a480cb7bace2da8bcf3c1e5c92ba,223b31dab8f2af16bd637db4be4e17239a7405a5f585200610c05cd64440c988,200,2021-11-08T00:25:33.302679,,
29948,application/json,0.424,e7a76e75e24a96e2b8cf2ee39cdd7bd4fc7fe5978cc77828434787f457b34d3f,7fb3fd9a1f73608c71659df88e4c26f64e5ce883e5e1456b88dd14194cd1d677,200,2021-11-08T00:25:33.302679,,
81734,application/json,1.439,55e8c3db23ada8dac1343c4b6dd8ecd71c6b057ee3cea1eec2aa73318f06bc3f,368d17a72f6f47f94e3ab6832223fa01d38838b9d24c5f27c53e4704eee83c9d,200,2021-11-09T00:24:42.813242,,
1387,text/plain; charset=utf-8,0.167,a87e5975ea7cddd88764f557ad4880e06b58a480cb7bace2da8bcf3c1e5c92ba,223b31dab8f2af16bd637db4be4e17239a7405a5f585200610c05cd64440c988,200,2021-11-09T00:24:42.813242,,
29948,application/json,1.252,e7a76e75e24a96e2b8cf2ee39cdd7bd4fc7fe5978cc77828434787f457b34d3f,7fb3fd9a1f73608c71659df88e4c26f64e5ce883e5e1456b88dd14194cd1d677,200,2021-11-09T00:24:42.813242,,
81734,application/json,0.874,55e8c3db23ada8dac1343c4b6dd8ecd71c6b057ee3cea1eec2aa73318f06bc3f,368d17a72f6f47f94e3ab6832223fa01d38838b9d24c5f27c53e4704eee83c9d,200,2021-11-10T00:25:06.613832,,
1387,text/plain; charset=utf-8,0.248,a87e5975ea7cddd88764f557ad4880e06b58a480cb7bace2da8bcf3c1e5c92ba,223b31dab8f2af16bd637db4be4e17239a7405a5f585200610c05cd64440c988,200,2021-11-10T00:25:06.613832,,
29948,application/json,0.623,e7a76e75e24a96e2b8cf2ee39cdd7bd4fc7fe5978cc77828434787f457b34d3f,7fb3fd9a1f73608c71659df88e4c26f64e5ce883e5e1456b88dd14194cd1d677,200,2021-11-10T00:25:06.613832,,
,text/plain,0.602,351fdbd179616dcf25ce0c4498cbd7fd5a917c5bbedcbc6af9f3f23d546b484d,5a63cf05c7ec1a74184180e1b42a71a7d6ea9071419b2f85f72fb59c2d8a07a0,200,2021-11-11T14:25:16.282840,,
81734,application/json,1.865,55e8c3db23ada8dac1343c4b6dd8ecd71c6b057ee3cea1eec2aa73318f06bc3f,368d17a72f6f47f94e3ab6832223fa01d38838b9d24c5f27c53e4704eee83c9d,200,2021-11-11T00:25:17.729856,,
1387,text/plain; charset=utf-8,0.196,a87e5975ea7cddd88764f557ad4880e06b58a480cb7bace2da8bcf3c1e5c92ba,223b31dab8f2af16bd637db4be4e17239a7405a5f585200610c05cd64440c988,200,2021-11-11T00:25:17.729856,,
29948,application/json,1.38,e7a76e75e24a96e2b8cf2ee39cdd7bd4fc7fe5978cc77828434787f457b34d3f,7fb3fd9a1f73608c71659df88e4c26f64e5ce883e5e1456b88dd14194cd1d677,200,2021-11-11T00:25:17.729856,,
,text/plain,3.676,351fdbd179616dcf25ce0c4498cbd7fd5a917c5bbedcbc6af9f3f23d546b484d,5a63cf05c7ec1a74184180e1b42a71a7d6ea9071419b2f85f72fb59c2d8a07a0,200,2021-11-12T00:26:08.907606,,
81734,application/json,1.96,55e8c3db23ada8dac1343c4b6dd8ecd71c6b057ee3cea1eec2aa73318f06bc3f,368d17a72f6f47f94e3ab6832223fa01d38838b9d24c5f27c53e4704eee83c9d,200,2021-11-12T00:26:08.907606,,
1387,text/plain; charset=utf-8,0.265,a87e5975ea7cddd88764f557ad4880e06b58a480cb7bace2da8bcf3c1e5c92ba,223b31dab8f2af16bd637db4be4e17239a7405a5f585200610c05cd64440c988,200,2021-11-12T00:26:08.907606,,
29948,application/json,1.351,e7a76e75e24a96e2b8cf2ee39cdd7bd4fc7fe5978cc77828434787f457b34d3f,7fb3fd9a1f73608c71659df88e4c26f64e5ce883e5e1456b88dd14194cd1d677,200,2021-11-12T00:26:08.907606,,
,text/plain,2.296,351fdbd179616dcf25ce0c4498cbd7fd5a917c5bbedcbc6af9f3f23d546b484d,5a63cf05c7ec1a74184180e1b42a71a7d6ea9071419b2f85f72fb59c2d8a07a0,200,2021-11-13T00:23:51.209239,,
81734,application/json,0.556,55e8c3db23ada8dac1343c4b6dd8ecd71c6b057ee3cea1eec2aa73318f06bc3f,368d17a72f6f47f94e3ab6832223fa01d38838b9d24c5f27c53e4704eee83c9d,200,2021-11-13T00:23:51.209239,,
1387,text/plain; charset=utf-8,0.174,a87e5975ea7cddd88764f557ad4880e06b58a480cb7bace2da8bcf3c1e5c92ba,223b31dab8f2af16bd637db4be4e17239a7405a5f585200610c05cd64440c988,200,2021-11-13T00:23:51.209239,,
29948,application/json,0.43,e7a76e75e24a96e2b8cf2ee39cdd7bd4fc7fe5978cc77828434787f457b34d3f,7fb3fd9a1f73608c71659df88e4c26f64e5ce883e5e1456b88dd14194cd1d677,200,2021-11-13T00:23:51.209239,,
,text/plain,2.089,351fdbd179616dcf25ce0c4498cbd7fd5a917c5bbedcbc6af9f3f23d546b484d,5a63cf05c7ec1a74184180e1b42a71a7d6ea9071419b2f85f72fb59c2d8a07a0,200,2021-11-14T00:26:01.800307,,
81734,application/json,1.352,55e8c3db23ada8dac1343c4b6dd8ecd71c6b057ee3cea1eec2aa73318f06bc3f,368d17a72f6f47f94e3ab6832223fa01d38838b9d24c5f27c53e4704eee83c9d,200,2021-11-14T00:26:01.800307,,
1387,text/plain; charset=utf-8,0.195,a87e5975ea7cddd88764f557ad4880e06b58a480cb7bace2da8bcf3c1e5c92ba,223b31dab8f2af16bd637db4be4e17239a7405a5f585200610c05cd64440c988,200,2021-11-14T00:26:01.800307,,
29948,application/json,1.07,e7a76e75e24a96e2b8cf2ee39cdd7bd4fc7fe5978cc77828434787f457b34d3f,7fb3fd9a1f73608c71659df88e4c26f64e5ce883e5e1456b88dd14194cd1d677,200,2021-11-14T00:26:01.800307,,
,text/plain,2.344,351fdbd179616dcf25ce0c4498cbd7fd5a917c5bbedcbc6af9f3f23d546b484d,5a63cf05c7ec1a74184180e1b42a71a7d6ea9071419b2f85f72fb59c2d8a07a0,200,2021-11-15T00:25:42.439757,,
81734,application/json,0.485,55e8c3db23ada8dac1343c4b6dd8ecd71c6b057ee3cea1eec2aa73318f06bc3f,368d17a72f6f47f94e3ab6832223fa01d38838b9d24c5f27c53e4704eee83c9d,200,2021-11-15T00:25:42.439757,,
1387,text/plain; charset=utf-8,0.161,a87e5975ea7cddd88764f557ad4880e06b58a480cb7bace2da8bcf3c1e5c92ba,223b31dab8f2af16bd637db4be4e17239a7405a5f585200610c05cd64440c988,200,2021-11-15T00:25:42.439757,,
29948,application/json,0.419,e7a76e75e24a96e2b8cf2ee39cdd7bd4fc7fe5978cc77828434787f457b34d3f,7fb3fd9a1f73608c71659df88e4c26f64e5ce883e5e1456b88dd14194cd1d677,200,2021-11-15T00:25:42.439757,,
,text/plain,2.352,351fdbd179616dcf25ce0c4498cbd7fd5a917c5bbedcbc6af9f3f23d546b484d,5a63cf05c7ec1a74184180e1b42a71a7d6ea9071419b2f85f72fb59c2d8a07a0,200,2021-11-16T00:24:48.833557,,
81734,application/json,1.649,55e8c3db23ada8dac1343c4b6dd8ecd71c6b057ee3cea1eec2aa73318f06bc3f,368d17a72f6f47f94e3ab6832223fa01d38838b9d24c5f27c53e4704eee83c9d,200,2021-11-16T00:24:48.833557,,
1387,text/plain; charset=utf-8,0.196,a87e5975ea7cddd88764f557ad4880e06b58a480cb7bace2da8bcf3c1e5c92ba,223b31dab8f2af16bd637db4be4e17239a7405a5f585200610c05cd64440c988,200,2021-11-16T00:24:48.833557,,
29948,application/json,1.49,e7a76e75e24a96e2b8cf2ee39cdd7bd4fc7fe5978cc77828434787f457b34d3f,7fb3fd9a1f73608c71659df88e4c26f64e5ce883e5e1456b88dd14194cd1d677,200,2021-11-16T00:24:48.833557,,
,text/plain,2.05,351fdbd179616dcf25ce0c4498cbd7fd5a917c5bbedcbc6af9f3f23d546b484d,5a63cf05c7ec1a74184180e1b42a71a7d6ea9071419b2f85f72fb59c2d8a07a0,200,2021-11-17T00:25:21.941136,,
81734,application/json,0.544,55e8c3db23ada8dac1343c4b6dd8ecd71c6b057ee3cea1eec2aa73318f06bc3f,368d17a72f6f47f94e3ab6832223fa01d38838b9d24c5f27c53e4704eee83c9d,200,2021-11-17T00:25:21.941136,,
1387,text/plain; charset=utf-8,0.153,a87e5975ea7cddd88764f557ad4880e06b58a480cb7bace2da8bcf3c1e5c92ba,223b31dab8f2af16bd637db4be4e17239a7405a5f585200610c05cd64440c988,200,2021-11-17T00:25:21.941136,,
29948,application/json,1.316,e7a76e75e24a96e2b8cf2ee39cdd7bd4fc7fe5978cc77828434787f457b34d3f,7fb3fd9a1f73608c71659df88e4c26f64e5ce883e5e1456b88dd14194cd1d677,200,2021-11-17T00:25:21.941136,,
,text/plain,1.751,351fdbd179616dcf25ce0c4498cbd7fd5a917c5bbedcbc6af9f3f23d546b484d,5a63cf05c7ec1a74184180e1b42a71a7d6ea9071419b2f85f72fb59c2d8a07a0,200,2021-11-18T00:26:20.111782,,
81734,application/json,1.592,55e8c3db23ada8dac1343c4b6dd8ecd71c6b057ee3cea1eec2aa73318f06bc3f,368d17a72f6f47f94e3ab6832223fa01d38838b9d24c5f27c53e4704eee83c9d,200,2021-11-18T00:26:20.111782,,
1387,text/plain; charset=utf-8,0.149,a87e5975ea7cddd88764f557ad4880e06b58a480cb7bace2da8bcf3c1e5c92ba,223b31dab8f2af16bd637db4be4e17239a7405a5f585200610c05cd64440c988,200,2021-11-18T00:26:20.111782,,
29942,application/json,1.444,e7a76e75e24a96e2b8cf2ee39cdd7bd4fc7fe5978cc77828434787f457b34d3f,7fb3fd9a1f73608c71659df88e4c26f64e5ce883e5e1456b88dd14194cd1d677,200,2021-11-18T00:26:20.111782,,
,text/plain,2.51,351fdbd179616dcf25ce0c4498cbd7fd5a917c5bbedcbc6af9f3f23d546b484d,5a63cf05c7ec1a74184180e1b42a71a7d6ea9071419b2f85f72fb59c2d8a07a0,200,2021-11-19T00:24:50.284024,,
81728,application/json,0.672,55e8c3db23ada8dac1343c4b6dd8ecd71c6b057ee3cea1eec2aa73318f06bc3f,368d17a72f6f47f94e3ab6832223fa01d38838b9d24c5f27c53e4704eee83c9d,200,2021-11-19T00:24:50.284024,,
1387,text/plain; charset=utf-8,0.12,a87e5975ea7cddd88764f557ad4880e06b58a480cb7bace2da8bcf3c1e5c92ba,223b31dab8f2af16bd637db4be4e17239a7405a5f585200610c05cd64440c988,200,2021-11-19T00:24:50.284024,,
29942,application/json,0.414,e7a76e75e24a96e2b8cf2ee39cdd7bd4fc7fe5978cc77828434787f457b34d3f,7fb3fd9a1f73608c71659df88e4c26f64e5ce883e5e1456b88dd14194cd1d677,200,2021-11-19T00:24:50.284024,,
,text/plain,2.374,351fdbd179616dcf25ce0c4498cbd7fd5a917c5bbedcbc6af9f3f23d546b484d,5a63cf05c7ec1a74184180e1b42a71a7d6ea9071419b2f85f72fb59c2d8a07a0,200,2021-11-20T00:24:34.043058,,
81728,application/json,1.397,55e8c3db23ada8dac1343c4b6dd8ecd71c6b057ee3cea1eec2aa73318f06bc3f,368d17a72f6f47f94e3ab6832223fa01d38838b9d24c5f27c53e4704eee83c9d,200,2021-11-20T00:24:34.043058,,
1387,text/plain; charset=utf-8,0.148,a87e5975ea7cddd88764f557ad4880e06b58a480cb7bace2da8bcf3c1e5c92ba,223b31dab8f2af16bd637db4be4e17239a7405a5f585200610c05cd64440c988,200,2021-11-20T00:24:34.043058,,
29942,application/json,1.334,e7a76e75e24a96e2b8cf2ee39cdd7bd4fc7fe5978cc77828434787f457b34d3f,7fb3fd9a1f73608c71659df88e4c26f64e5ce883e5e1456b88dd14194cd1d677,200,2021-11-20T00:24:34.043058,,
,text/plain,2.129,351fdbd179616dcf25ce0c4498cbd7fd5a917c5bbedcbc6af9f3f23d546b484d,5a63cf05c7ec1a74184180e1b42a71a7d6ea9071419b2f85f72fb59c2d8a07a0,200,2021-11-21T00:26:22.033206,,
81728,application/json,1.306,55e8c3db23ada8dac1343c4b6dd8ecd71c6b057ee3cea1eec2aa73318f06bc3f,368d17a72f6f47f94e3ab6832223fa01d38838b9d24c5f27c53e4704eee83c9d,200,2021-11-21T00:26:22.033206,,
1387,text/plain; charset=utf-8,0.165,a87e5975ea7cddd88764f557ad4880e06b58a480cb7bace2da8bcf3c1e5c92ba,223b31dab8f2af16bd637db4be4e17239a7405a5f585200610c05cd64440c988,200,2021-11-21T00:26:22.033206,,
29942,application/json,1.182,e7a76e75e24a96e2b8cf2ee39cdd7bd4fc7fe5978cc77828434787f457b34d3f,7fb3fd9a1f73608c71659df88e4c26f64e5ce883e5e1456b88dd14194cd1d677,200,2021-11-21T00:26:22.033206,,
,text/plain,3.422,351fdbd179616dcf25ce0c4498cbd7fd5a917c5bbedcbc6af9f3f23d546b484d,5a63cf05c7ec1a74184180e1b42a71a7d6ea9071419b2f85f72fb59c2d8a07a0,200,2021-11-22T00:25:47.979621,,
81728,application/json,1.012,55e8c3db23ada8dac1343c4b6dd8ecd71c6b057ee3cea1eec2aa73318f06bc3f,368d17a72f6f47f94e3ab6832223fa01d38838b9d24c5f27c53e4704eee83c9d,200,2021-11-22T00:25:47.979621,,
1387,text/plain; charset=utf-8,0.246,a87e5975ea7cddd88764f557ad4880e06b58a480cb7bace2da8bcf3c1e5c92ba,223b31dab8f2af16bd637db4be4e17239a7405a5f585200610c05cd64440c988,200,2021-11-22T00:25:47.979621,,
29942,application/json,0.447,e7a76e75e24a96e2b8cf2ee39cdd7bd4fc7fe5978cc77828434787f457b34d3f,7fb3fd9a1f73608c71659df88e4c26f64e5ce883e5e1456b88dd14194cd1d677,200,2021-11-22T00:25:47.979621,,
,text/plain,3.281,351fdbd179616dcf25ce0c4498cbd7fd5a917c5bbedcbc6af9f3f23d546b484d,5a63cf05c7ec1a74184180e1b42a71a7d6ea9071419b2f85f72fb59c2d8a07a0,200,2021-11-23T00:25:25.171668,,
81728,application/json,1.861,55e8c3db23ada8dac1343c4b6dd8ecd71c6b057ee3cea1eec2aa73318f06bc3f,368d17a72f6f47f94e3ab6832223fa01d38838b9d24c5f27c53e4704eee83c9d,200,2021-11-23T00:25:25.171668,,
1387,text/plain; charset=utf-8,0.59,a87e5975ea7cddd88764f557ad4880e06b58a480cb7bace2da8bcf3c1e5c92ba,223b31dab8f2af16bd637db4be4e17239a7405a5f585200610c05cd64440c988,200,2021-11-23T00:25:25.171668,,
29942,application/json,1.461,e7a76e75e24a96e2b8cf2ee39cdd7bd4fc7fe5978cc77828434787f457b34d3f,7fb3fd9a1f73608c71659df88e4c26f64e5ce883e5e1456b88dd14194cd1d677,200,2021-11-23T00:25:25.171668,,
,text/plain,2.067,351fdbd179616dcf25ce0c4498cbd7fd5a917c5bbedcbc6af9f3f23d546b484d,5a63cf05c7ec1a74184180e1b42a71a7d6ea9071419b2f85f72fb59c2d8a07a0,200,2021-11-24T00:25:37.410069,,
81728,application/json,0.552,55e8c3db23ada8dac1343c4b6dd8ecd71c6b057ee3cea1eec2aa73318f06bc3f,368d17a72f6f47f94e3ab6832223fa01d38838b9d24c5f27c53e4704eee83c9d,200,2021-11-24T00:25:37.410069,,
1387,text/plain; charset=utf-8,0.146,a87e5975ea7cddd88764f557ad4880e06b58a480cb7bace2da8bcf3c1e5c92ba,223b31dab8f2af16bd637db4be4e17239a7405a5f585200610c05cd64440c988,200,2021-11-24T00:25:37.410069,,
29942,application/json,0.38,e7a76e75e24a96e2b8cf2ee39cdd7bd4fc7fe5978cc77828434787f457b34d3f,7fb3fd9a1f73608c71659df88e4c26f64e5ce883e5e1456b88dd14194cd1d677,200,2021-11-24T00:25:37.410069,,
,text/plain,2.355,351fdbd179616dcf25ce0c4498cbd7fd5a917c5bbedcbc6af9f3f23d546b484d,5a63cf05c7ec1a74184180e1b42a71a7d6ea9071419b2f85f72fb59c2d8a07a0,200,2021-11-25T00:25:29.991648,,
81728,application/json,1.436,55e8c3db23ada8dac1343c4b6dd8ecd71c6b057ee3cea1eec2aa73318f06bc3f,368d17a72f6f47f94e3ab6832223fa01d38838b9d24c5f27c53e4704eee83c9d,200,2021-11-25T00:25:29.991648,,
1387,text/plain; charset=utf-8,0.203,a87e5975ea7cddd88764f557ad4880e06b58a480cb7bace2da8bcf3c1e5c92ba,223b31dab8f2af16bd637db4be4e17239a7405a5f585200610c05cd64440c988,200,2021-11-25T00:25:29.991648,,
29942,application/json,1.381,e7a76e75e24a96e2b8cf2ee39cdd7bd4fc7fe5978cc77828434787f457b34d3f,7fb3fd9a1f73608c71659df88e4c26f64e5ce883e5e1456b88dd14194cd1d677,200,2021-11-25T00:25:29.991648,,
,text/plain,1.995,351fdbd179616dcf25ce0c4498cbd7fd5a917c5bbedcbc6af9f3f23d546b484d,5a63cf05c7ec1a74184180e1b42a71a7d6ea9071419b2f85f72fb59c2d8a07a0,200,2021-11-26T00:24:47.633578,,
,,30.034,55e8c3db23ada8dac1343c4b6dd8ecd71c6b057ee3cea1eec2aa73318f06bc3f,,,2021-11-26T00:24:47.633578,,
1387,text/plain; charset=utf-8,0.131,a87e5975ea7cddd88764f557ad4880e06b58a480cb7bace2da8bcf3c1e5c92ba,223b31dab8f2af16bd637db4be4e17239a7405a5f585200610c05cd64440c988,200,2021-11-26T00:24:47.633578,,
,,29.202,e7a76e75e24a96e2b8cf2ee39cdd7bd4fc7fe5978cc77828434787f457b34d3f,,,2021-11-26T00:24:47.633578,,
,text/plain,2.384,351fdbd179616dcf25ce0c4498cbd7fd5a917c5bbedcbc6af9f3f23d546b484d,5a63cf05c7ec1a74184180e1b42a71a7d6ea9071419b2f85f72fb59c2d8a07a0,200,2021-11-27T00:24:06.078752,,
81728,application/json,1.446,55e8c3db23ada8dac1343c4b6dd8ecd71c6b057ee3cea1eec2aa73318f06bc3f,368d17a72f6f47f94e3ab6832223fa01d38838b9d24c5f27c53e4704eee83c9d,200,2021-11-27T00:24:06.078752,,
1387,text/plain; charset=utf-8,0.138,a87e5975ea7cddd88764f557ad4880e06b58a480cb7bace2da8bcf3c1e5c92ba,223b31dab8f2af16bd637db4be4e17239a7405a5f585200610c05cd64440c988,200,2021-11-27T00:24:06.078752,,
29942,application/json,1.277,e7a76e75e24a96e2b8cf2ee39cdd7bd4fc7fe5978cc77828434787f457b34d3f,7fb3fd9a1f73608c71659df88e4c26f64e5ce883e5e1456b88dd14194cd1d677,200,2021-11-27T00:24:06.078752,,
1477,text/html,2.773,351fdbd179616dcf25ce0c4498cbd7fd5a917c5bbedcbc6af9f3f23d546b484d,,502,2021-11-28T00:26:36.492132,,
81728,application/json,1.377,55e8c3db23ada8dac1343c4b6dd8ecd71c6b057ee3cea1eec2aa73318f06bc3f,368d17a72f6f47f94e3ab6832223fa01d38838b9d24c5f27c53e4704eee83c9d,200,2021-11-28T00:26:36.492132,,
1387,text/plain; charset=utf-8,0.185,a87e5975ea7cddd88764f557ad4880e06b58a480cb7bace2da8bcf3c1e5c92ba,223b31dab8f2af16bd637db4be4e17239a7405a5f585200610c05cd64440c988,200,2021-11-28T00:26:36.492132,,
29942,application/json,1.297,e7a76e75e24a96e2b8cf2ee39cdd7bd4fc7fe5978cc77828434787f457b34d3f,7fb3fd9a1f73608c71659df88e4c26f64e5ce883e5e1456b88dd14194cd1d677,200,2021-11-28T00:26:36.492132,,
1477,text/html,3.96,351fdbd179616dcf25ce0c4498cbd7fd5a917c5bbedcbc6af9f3f23d546b484d,,502,2021-11-29T00:26:02.617499,,
81728,application/json,1.032,55e8c3db23ada8dac1343c4b6dd8ecd71c6b057ee3cea1eec2aa73318f06bc3f,368d17a72f6f47f94e3ab6832223fa01d38838b9d24c5f27c53e4704eee83c9d,200,2021-11-29T00:26:02.617499,,
1387,text/plain; charset=utf-8,0.284,a87e5975ea7cddd88764f557ad4880e06b58a480cb7bace2da8bcf3c1e5c92ba,223b31dab8f2af16bd637db4be4e17239a7405a5f585200610c05cd64440c988,200,2021-11-29T00:26:02.617499,,
29942,application/json,0.475,e7a76e75e24a96e2b8cf2ee39cdd7bd4fc7fe5978cc77828434787f457b34d3f,7fb3fd9a1f73608c71659df88e4c26f64e5ce883e5e1456b88dd14194cd1d677,200,2021-11-29T00:26:02.617499,,
,text/plain,1.823,351fdbd179616dcf25ce0c4498cbd7fd5a917c5bbedcbc6af9f3f23d546b484d,5a63cf05c7ec1a74184180e1b42a71a7d6ea9071419b2f85f72fb59c2d8a07a0,200,2021-11-30T00:25:38.736733,,
81728,application/json,1.572,55e8c3db23ada8dac1343c4b6dd8ecd71c6b057ee3cea1eec2aa73318f06bc3f,368d17a72f6f47f94e3ab6832223fa01d38838b9d24c5f27c53e4704eee83c9d,200,2021-11-30T00:25:38.736733,,
1387,text/plain; charset=utf-8,0.173,a87e5975ea7cddd88764f557ad4880e06b58a480cb7bace2da8bcf3c1e5c92ba,223b31dab8f2af16bd637db4be4e17239a7405a5f585200610c05cd64440c988,200,2021-11-30T00:25:38.736733,,
29942,application/json,1.591,e7a76e75e24a96e2b8cf2ee39cdd7bd4fc7fe5978cc77828434787f457b34d3f,7fb3fd9a1f73608c71659df88e4c26f64e5ce883e5e1456b88dd14194cd1d677,200,2021-11-30T00:25:38.736733,,
,text/plain,2.139,351fdbd179616dcf25ce0c4498cbd7fd5a917c5bbedcbc6af9f3f23d546b484d,5a63cf05c7ec1a74184180e1b42a71a7d6ea9071419b2f85f72fb59c2d8a07a0,200,2021-12-01T00:27:34.555371,,
81728,application/json,1.505,55e8c3db23ada8dac1343c4b6dd8ecd71c6b057ee3cea1eec2aa73318f06bc3f,368d17a72f6f47f94e3ab6832223fa01d38838b9d24c5f27c53e4704eee83c9d,200,2021-12-01T00:27:34.555371,,
1387,text/plain; charset=utf-8,0.147,a87e5975ea7cddd88764f557ad4880e06b58a480cb7bace2da8bcf3c1e5c92ba,223b31dab8f2af16bd637db4be4e17239a7405a5f585200610c05cd64440c988,200,2021-12-01T00:27:34.555371,,
29942,application/json,1.528,e7a76e75e24a96e2b8cf2ee39cdd7bd4fc7fe5978cc77828434787f457b34d3f,7fb3fd9a1f73608c71659df88e4c26f64e5ce883e5e1456b88dd14194cd1d677,200,2021-12-01T00:27:34.555371,,
,text/plain,2.111,351fdbd179616dcf25ce0c4498cbd7fd5a917c5bbedcbc6af9f3f23d546b484d,5a63cf05c7ec1a74184180e1b42a71a7d6ea9071419b2f85f72fb59c2d8a07a0,200,2021-12-02T00:25:28.639194,,
81728,application/json,0.668,55e8c3db23ada8dac1343c4b6dd8ecd71c6b057ee3cea1eec2aa73318f06bc3f,368d17a72f6f47f94e3ab6832223fa01d38838b9d24c5f27c53e4704eee83c9d,200,2021-12-02T00:25:28.639194,,
1387,text/plain; charset=utf-8,0.171,a87e5975ea7cddd88764f557ad4880e06b58a480cb7bace2da8bcf3c1e5c92ba,223b31dab8f2af16bd637db4be4e17239a7405a5f585200610c05cd64440c988,200,2021-12-02T00:25:28.639194,,
29942,application/json,0.624,e7a76e75e24a96e2b8cf2ee39cdd7bd4fc7fe5978cc77828434787f457b34d3f,7fb3fd9a1f73608c71659df88e4c26f64e5ce883e5e1456b88dd14194cd1d677,200,2021-12-02T00:25:28.639194,,
,text/plain,1.885,351fdbd179616dcf25ce0c4498cbd7fd5a917c5bbedcbc6af9f3f23d546b484d,5a63cf05c7ec1a74184180e1b42a71a7d6ea9071419b2f85f72fb59c2d8a07a0,200,2021-12-03T00:25:35.228057,,
81728,application/json,1.71,55e8c3db23ada8dac1343c4b6dd8ecd71c6b057ee3cea1eec2aa73318f06bc3f,368d17a72f6f47f94e3ab6832223fa01d38838b9d24c5f27c53e4704eee83c9d,200,2021-12-03T00:25:35.228057,,
1387,text/plain; charset=utf-8,0.313,a87e5975ea7cddd88764f557ad4880e06b58a480cb7bace2da8bcf3c1e5c92ba,223b31dab8f2af16bd637db4be4e17239a7405a5f585200610c05cd64440c988,200,2021-12-03T00:25:35.228057,,
29942,application/json,1.396,e7a76e75e24a96e2b8cf2ee39cdd7bd4fc7fe5978cc77828434787f457b34d3f,7fb3fd9a1f73608c71659df88e4c26f64e5ce883e5e1456b88dd14194cd1d677,200,2021-12-03T00:25:35.228057,,
